Age,Attrition,BusinessTravel,Department,DistanceFromHome,EducationField,EmployeeCount,EmployeeNumber,EnvironmentSatisfaction,Gender,JobRole,JobSatisfaction,MaritalStatus,MonthlyIncome,NumCompaniesWorked,OverTime,TotalWorkingYears,WorkLifeBalance,YearsAtCompany,YearsSinceLastPromotion
41,Yes,Travel_Rarely,Sales,1,Life Sciences,1,1,2,Female,Sales Executive,4,Single,5993,8,Yes,8,1,6,0
49,No,Travel_Frequently,Research & Development,8,Life Sciences,1,2,3,Male,Research Scientist,2,Married,5130,1,No,10,3,10,1
37,Yes,Travel_Rarely,Research & Development,2,Other,1,4,4,Male,Laboratory Technician,3,Single,2090,6,Yes,7,3,0,0
33,No,Travel_Frequently,Research & Development,3,Life Sciences,1,5,4,Female,Research Scientist,3,Married,2909,1,Yes,8,3,8,3
27,No,Travel_Rarely,Research & Development,2,Medical,1,7,1,Male,Laboratory Technician,2,Married,3468,9,No,6,3,2,2
32,No,Travel_Frequently,Research & Development,2,Life Sciences,1,8,4,Male,Laboratory Technician,4,Single,3068,0,No,8,2,7,3
59,No,Travel_Rarely,Research & Development,3,Medical,1,10,3,Female,Laboratory Technician,1,Married,2670,4,Yes,12,2,1,0
30,No,Travel_Rarely,Research & Development,24,Life Sciences,1,11,4,Male,Laboratory Technician,3,Divorced,2693,1,No,1,3,1,0
38,No,Travel_Frequently,Research & Development,23,Life Sciences,1,12,4,Male,Manufacturing Director,3,Single,9526,0,No,10,3,9,1
36,No,Travel_Rarely,Research & Development,27,Medical,1,13,3,Male,Healthcare Representative,3,Married,5237,6,No,17,2,7,7
35,No,Travel_Rarely,Research & Development,16,Medical,1,14,1,Male,Laboratory Technician,2,Married,2426,0,No,6,3,5,0
29,No,Travel_Rarely,Research & Development,15,Life Sciences,1,15,4,Female,Laboratory Technician,3,Single,4193,0,Yes,10,3,9,0
31,No,Travel_Rarely,Research & Development,26,Life Sciences,1,16,1,Male,Research Scientist,3,Divorced,2911,1,No,5,2,5,4
34,No,Travel_Rarely,Research & Development,19,Medical,1,18,2,Male,Laboratory Technician,4,Divorced,2661,0,No,3,3,2,1
28,Yes,Travel_Rarely,Research & Development,24,Life Sciences,1,19,3,Male,Laboratory Technician,3,Single,2028,5,Yes,6,3,4,0
29,No,Travel_Rarely,Research & Development,21,Life Sciences,1,20,2,Female,Manufacturing Director,1,Divorced,9980,1,No,10,3,10,8
32,No,Travel_Rarely,Research & Development,5,Life Sciences,1,21,1,Male,Research Scientist,2,Divorced,3298,0,Yes,7,2,6,0
22,No,Non-Travel,Research & Development,16,Medical,1,22,4,Male,Laboratory Technician,4,Divorced,2935,1,Yes,1,2,1,0
53,No,Travel_Rarely,Sales,2,Life Sciences,1,23,1,Female,Manager,4,Married,15427,2,No,31,3,25,3
38,No,Travel_Rarely,Research & Development,2,Life Sciences,1,24,4,Male,Research Scientist,4,Single,3944,5,Yes,6,3,3,1
24,No,Non-Travel,Research & Development,11,Other,1,26,1,Female,Manufacturing Director,3,Divorced,4011,0,No,5,2,4,1
36,Yes,Travel_Rarely,Sales,9,Life Sciences,1,27,3,Male,Sales Representative,1,Single,3407,7,No,10,3,5,0
34,No,Travel_Rarely,Research & Development,7,Life Sciences,1,28,1,Female,Research Director,2,Single,11994,0,No,13,3,12,2
21,No,Travel_Rarely,Research & Development,15,Life Sciences,1,30,3,Male,Research Scientist,4,Single,1232,1,No,0,3,0,0
34,Yes,Travel_Rarely,Research & Development,6,Medical,1,31,2,Male,Research Scientist,1,Single,2960,2,No,8,3,4,1
53,No,Travel_Rarely,Research & Development,5,Other,1,32,3,Female,Manager,3,Divorced,19094,4,No,26,2,14,4
32,Yes,Travel_Frequently,Research & Development,16,Life Sciences,1,33,2,Female,Research Scientist,1,Single,3919,1,Yes,10,3,10,6
42,No,Travel_Rarely,Sales,8,Marketing,1,35,3,Male,Sales Executive,2,Married,6825,0,No,10,3,9,4
44,No,Travel_Rarely,Research & Development,7,Medical,1,36,1,Female,Healthcare Representative,4,Married,10248,3,No,24,3,22,5
46,No,Travel_Rarely,Sales,2,Marketing,1,38,2,Female,Manager,1,Single,18947,3,No,22,2,2,2
33,No,Travel_Rarely,Research & Development,2,Medical,1,39,3,Male,Laboratory Technician,4,Single,2496,4,No,7,3,1,0
44,No,Travel_Rarely,Research & Development,10,Other,1,40,4,Male,Healthcare Representative,4,Married,6465,2,Yes,9,4,4,1
30,No,Travel_Rarely,Research & Development,9,Medical,1,41,4,Male,Laboratory Technician,3,Single,2206,1,No,10,3,10,1
39,Yes,Travel_Rarely,Sales,5,Technical Degree,1,42,4,Male,Sales Representative,4,Married,2086,3,No,19,4,1,0
24,Yes,Travel_Rarely,Research & Development,1,Medical,1,45,2,Male,Research Scientist,4,Married,2293,2,Yes,6,2,2,2
43,No,Travel_Rarely,Research & Development,2,Medical,1,46,4,Female,Research Scientist,3,Divorced,2645,1,No,6,2,5,1
50,Yes,Travel_Rarely,Sales,3,Marketing,1,47,1,Male,Sales Representative,3,Married,2683,1,Yes,3,3,3,0
35,No,Travel_Rarely,Sales,2,Marketing,1,49,4,Female,Sales Representative,4,Married,2014,1,No,2,3,2,2
36,No,Travel_Rarely,Research & Development,5,Life Sciences,1,51,2,Female,Research Scientist,1,Married,3419,9,Yes,6,4,1,0
33,No,Travel_Frequently,Sales,1,Life Sciences,1,52,3,Female,Sales Executive,1,Married,5376,2,No,10,3,5,1
35,No,Travel_Rarely,Research & Development,4,Other,1,53,3,Male,Laboratory Technician,4,Divorced,1951,1,No,1,3,1,0
27,No,Travel_Rarely,Research & Development,2,Life Sciences,1,54,4,Female,Laboratory Technician,1,Divorced,2341,1,No,1,3,1,0
26,Yes,Travel_Rarely,Research & Development,25,Life Sciences,1,55,1,Male,Laboratory Technician,3,Single,2293,1,No,1,2,1,0
27,No,Travel_Frequently,Sales,8,Life Sciences,1,56,4,Male,Sales Executive,3,Single,8726,1,No,9,3,9,1
30,No,Travel_Frequently,Research & Development,1,Medical,1,57,3,Female,Laboratory Technician,4,Single,4011,1,No,12,3,12,3
41,Yes,Travel_Rarely,Research & Development,12,Technical Degree,1,58,2,Female,Research Director,3,Married,19545,1,No,23,3,22,15
34,No,Non-Travel,Sales,23,Marketing,1,60,2,Male,Sales Executive,3,Single,4568,0,No,10,3,9,8
37,No,Travel_Rarely,Research & Development,19,Life Sciences,1,61,2,Male,Research Scientist,2,Married,3022,4,No,8,3,1,0
46,No,Travel_Frequently,Sales,5,Marketing,1,62,1,Male,Sales Executive,4,Single,5772,4,Yes,14,3,9,0
35,No,Travel_Rarely,Research & Development,8,Life Sciences,1,63,4,Male,Laboratory Technician,4,Married,2269,1,No,1,3,1,0
48,Yes,Travel_Rarely,Research & Development,1,Life Sciences,1,64,1,Male,Laboratory Technician,3,Single,5381,9,Yes,23,3,1,0
28,Yes,Travel_Rarely,Research & Development,5,Technical Degree,1,65,3,Male,Laboratory Technician,3,Single,3441,1,Yes,2,2,2,2
44,No,Travel_Rarely,Sales,1,Marketing,1,68,2,Female,Sales Executive,1,Divorced,5454,5,Yes,9,2,4,1
35,No,Non-Travel,Research & Development,11,Medical,1,70,3,Male,Healthcare Representative,1,Married,9884,2,Yes,10,3,4,2
26,No,Travel_Rarely,Sales,23,Marketing,1,72,3,Female,Sales Executive,4,Married,4157,7,Yes,5,2,2,0
33,No,Travel_Frequently,Research & Development,1,Life Sciences,1,73,1,Female,Research Director,4,Single,13458,1,Yes,15,3,15,8
35,No,Travel_Frequently,Sales,18,Life Sciences,1,74,2,Male,Sales Executive,1,Married,9069,1,No,9,2,9,1
35,No,Travel_Rarely,Research & Development,23,Medical,1,75,3,Female,Laboratory Technician,1,Married,4014,3,Yes,4,3,2,2
31,No,Travel_Rarely,Research & Development,7,Life Sciences,1,76,4,Male,Laboratory Technician,4,Divorced,5915,3,No,10,2,7,1
37,No,Travel_Rarely,Research & Development,1,Life Sciences,1,77,1,Male,Manufacturing Director,3,Divorced,5993,1,No,7,4,7,0
32,No,Travel_Rarely,Research & Development,1,Medical,1,78,1,Male,Manufacturing Director,4,Married,6162,1,Yes,9,3,9,7
38,No,Travel_Frequently,Research & Development,29,Life Sciences,1,79,4,Female,Laboratory Technician,4,Single,2406,1,No,10,3,10,9
50,No,Travel_Rarely,Research & Development,7,Medical,1,80,2,Female,Research Director,3,Divorced,18740,5,Yes,29,2,27,13
59,No,Travel_Rarely,Sales,25,Life Sciences,1,81,1,Female,Sales Executive,1,Single,7637,7,No,28,2,21,7
36,No,Travel_Rarely,Research & Development,8,Technical Degree,1,83,3,Female,Healthcare Representative,3,Divorced,10096,1,No,17,3,17,12
55,No,Travel_Rarely,Research & Development,8,Medical,1,84,4,Female,Manager,3,Divorced,14756,2,Yes,21,3,5,0
36,No,Travel_Frequently,Research & Development,11,Life Sciences,1,85,2,Male,Manufacturing Director,2,Single,6499,1,No,6,3,6,0
45,No,Travel_Rarely,Research & Development,7,Life Sciences,1,86,2,Male,Research Scientist,1,Divorced,9724,2,No,25,3,1,0
35,No,Travel_Frequently,Research & Development,1,Medical,1,88,2,Male,Research Scientist,1,Married,2194,4,No,5,2,3,1
36,Yes,Travel_Rarely,Research & Development,9,Medical,1,90,4,Male,Research Scientist,3,Married,3388,0,Yes,2,2,1,0
59,No,Travel_Frequently,Sales,1,Life Sciences,1,91,1,Female,Sales Executive,3,Single,5473,7,No,20,2,4,1
29,No,Travel_Rarely,Research & Development,2,Life Sciences,1,94,3,Male,Research Scientist,2,Married,2703,0,No,6,3,5,0
31,No,Travel_Rarely,Research & Development,1,Medical,1,95,3,Male,Research Scientist,2,Single,2501,1,No,1,3,1,1
32,No,Travel_Rarely,Research & Development,1,Life Sciences,1,96,2,Male,Research Scientist,2,Married,6220,1,No,10,3,10,0
36,No,Travel_Rarely,Research & Development,6,Life Sciences,1,97,2,Female,Laboratory Technician,4,Married,3038,3,No,5,3,1,0
31,No,Travel_Rarely,Research & Development,8,Life Sciences,1,98,3,Female,Manufacturing Director,4,Single,4424,1,No,11,3,11,1
35,No,Travel_Rarely,Sales,1,Marketing,1,100,3,Male,Sales Executive,1,Single,4312,0,No,16,3,15,2
45,No,Travel_Rarely,Research & Development,6,Other,1,101,4,Male,Research Director,1,Married,13245,4,Yes,17,4,0,0
37,No,Travel_Rarely,Research & Development,7,Medical,1,102,1,Male,Research Director,3,Single,13664,4,No,16,4,5,0
46,No,Travel_Rarely,Human Resources,5,Medical,1,103,2,Male,Human Resources,2,Divorced,5021,8,Yes,16,3,4,0
30,No,Travel_Rarely,Research & Development,1,Life Sciences,1,104,4,Male,Laboratory Technician,4,Married,5126,1,Yes,10,2,10,3
35,No,Travel_Rarely,Research & Development,1,Medical,1,105,2,Male,Research Scientist,3,Single,2859,1,No,6,3,6,0
55,No,Travel_Rarely,Sales,1,Life Sciences,1,106,1,Male,Sales Executive,4,Married,10239,3,No,24,3,1,1
38,No,Non-Travel,Research & Development,6,Medical,1,107,2,Female,Research Scientist,4,Divorced,5329,7,Yes,17,3,13,1
34,No,Travel_Rarely,Research & Development,1,Medical,1,110,1,Male,Manufacturing Director,2,Married,4325,1,No,5,3,5,1
56,No,Travel_Rarely,Research & Development,7,Life Sciences,1,112,4,Male,Manufacturing Director,4,Single,7260,4,No,37,2,6,0
23,No,Travel_Rarely,Sales,2,Technical Degree,1,113,3,Male,Sales Representative,1,Divorced,2322,3,No,3,3,0,0
51,No,Travel_Rarely,Research & Development,9,Life Sciences,1,116,4,Male,Laboratory Technician,4,Married,2075,3,No,10,3,4,0
30,No,Travel_Rarely,Research & Development,2,Life Sciences,1,117,3,Male,Healthcare Representative,4,Married,4152,1,No,11,3,11,10
46,Yes,Travel_Rarely,Sales,9,Medical,1,118,3,Male,Sales Executive,4,Single,9619,1,No,9,3,9,4
40,No,Travel_Frequently,Research & Development,1,Life Sciences,1,119,3,Male,Healthcare Representative,2,Married,13503,1,No,22,2,22,11
51,No,Travel_Rarely,Sales,21,Marketing,1,120,3,Male,Sales Executive,4,Single,5441,0,Yes,11,1,10,1
30,No,Travel_Rarely,Sales,4,Medical,1,121,3,Female,Sales Executive,2,Divorced,5209,1,Yes,11,2,11,2
46,No,Travel_Frequently,Research & Development,1,Medical,1,124,3,Male,Healthcare Representative,1,Married,10673,2,Yes,21,2,10,9
32,No,Travel_Rarely,Sales,6,Medical,1,125,2,Male,Sales Executive,3,Single,5010,1,No,12,3,11,5
54,No,Travel_Rarely,Research & Development,2,Technical Degree,1,126,1,Female,Research Director,3,Married,13549,9,No,16,1,4,0
24,No,Travel_Rarely,Sales,3,Other,1,128,1,Female,Sales Executive,3,Married,4999,0,No,4,2,3,0
28,No,Non-Travel,Sales,4,Medical,1,129,2,Male,Sales Executive,3,Married,4221,1,No,5,4,5,0
58,No,Travel_Rarely,Sales,10,Medical,1,131,4,Male,Sales Executive,3,Single,13872,0,No,38,2,37,1
44,No,Non-Travel,Research & Development,23,Medical,1,132,2,Male,Laboratory Technician,2,Married,2042,4,No,17,4,3,1
37,Yes,Travel_Rarely,Human Resources,6,Human Resources,1,133,3,Male,Human Resources,1,Divorced,2073,4,Yes,7,3,3,0
32,No,Travel_Rarely,Research & Development,1,Life Sciences,1,134,4,Male,Research Scientist,1,Single,2956,1,No,1,3,1,0
20,Yes,Travel_Frequently,Research & Development,6,Life Sciences,1,137,4,Female,Laboratory Technician,4,Single,2926,1,Yes,1,3,1,1
34,No,Travel_Rarely,Research & Development,6,Other,1,138,1,Female,Research Scientist,3,Single,4809,1,No,16,3,16,2
37,No,Non-Travel,Research & Development,2,Life Sciences,1,139,3,Male,Healthcare Representative,4,Divorced,5163,5,No,17,4,1,0
59,No,Non-Travel,Human Resources,2,Human Resources,1,140,3,Female,Manager,4,Married,18844,9,No,30,3,3,2
50,No,Travel_Frequently,Research & Development,1,Life Sciences,1,141,1,Female,Research Director,2,Married,18172,3,Yes,28,2,8,0
25,Yes,Travel_Rarely,Sales,5,Marketing,1,142,3,Male,Sales Executive,3,Single,5744,1,Yes,6,3,6,0
25,No,Travel_Rarely,Research & Development,7,Medical,1,143,4,Male,Research Scientist,4,Married,2889,1,No,2,3,2,2
22,No,Travel_Rarely,Research & Development,15,Medical,1,144,2,Female,Laboratory Technician,4,Single,2871,1,No,1,3,0,0
51,No,Travel_Frequently,Research & Development,1,Medical,1,145,1,Female,Healthcare Representative,1,Single,7484,3,No,23,2,13,12
34,Yes,Travel_Frequently,Research & Development,7,Life Sciences,1,147,1,Male,Laboratory Technician,3,Single,6074,1,Yes,9,3,9,0
54,No,Non-Travel,Human Resources,26,Human Resources,1,148,4,Female,Manager,4,Single,17328,2,Yes,23,3,5,4
24,No,Travel_Rarely,Research & Development,18,Life Sciences,1,150,2,Male,Laboratory Technician,3,Married,2774,0,No,6,3,5,1
34,No,Travel_Rarely,Research & Development,6,Life Sciences,1,151,3,Female,Research Scientist,2,Divorced,4505,6,No,12,3,1,0
37,No,Travel_Rarely,Sales,3,Life Sciences,1,152,3,Male,Sales Executive,4,Single,7428,2,No,12,3,5,1
34,No,Travel_Rarely,Research & Development,5,Medical,1,153,3,Female,Manager,1,Single,11631,2,No,14,3,11,5
36,No,Travel_Frequently,Sales,11,Technical Degree,1,154,2,Female,Sales Executive,4,Married,9738,0,No,10,3,9,2
36,No,Travel_Rarely,Research & Development,3,Life Sciences,1,155,1,Female,Laboratory Technician,4,Divorced,2835,5,No,7,3,1,0
43,No,Travel_Frequently,Sales,26,Life Sciences,1,158,3,Male,Manager,4,Married,16959,1,Yes,25,4,25,4
30,No,Travel_Frequently,Research & Development,23,Life Sciences,1,159,1,Male,Research Scientist,3,Divorced,2613,1,No,10,2,10,0
33,No,Non-Travel,Sales,22,Marketing,1,160,3,Male,Sales Executive,2,Married,6146,0,No,8,4,7,0
56,Yes,Travel_Rarely,Research & Development,14,Life Sciences,1,161,2,Female,Research Scientist,2,Married,4963,9,Yes,7,3,5,4
51,No,Travel_Rarely,Research & Development,6,Life Sciences,1,162,1,Male,Research Director,3,Single,19537,7,No,23,3,20,15
31,Yes,Travel_Rarely,Sales,6,Life Sciences,1,163,2,Male,Sales Executive,3,Married,6172,4,Yes,12,2,7,7
26,No,Travel_Rarely,Research & Development,6,Other,1,164,3,Female,Research Scientist,2,Married,2368,1,No,5,2,5,4
58,Yes,Travel_Rarely,Research & Development,23,Medical,1,165,4,Female,Healthcare Representative,4,Married,10312,1,No,40,2,40,15
19,Yes,Travel_Rarely,Sales,22,Marketing,1,167,4,Male,Sales Representative,3,Single,1675,1,Yes,0,2,0,0
22,No,Travel_Rarely,Research & Development,2,Technical Degree,1,169,3,Male,Laboratory Technician,4,Married,2523,0,No,3,3,2,2
49,No,Travel_Rarely,Research & Development,20,Medical,1,170,3,Female,Manufacturing Director,1,Married,6567,1,No,16,2,15,5
43,No,Travel_Frequently,Research & Development,28,Medical,1,171,2,Female,Research Scientist,3,Single,4739,4,No,18,3,3,1
50,No,Travel_Frequently,Sales,12,Marketing,1,174,3,Female,Sales Executive,4,Single,9208,4,No,16,3,2,2
31,Yes,Travel_Rarely,Sales,20,Life Sciences,1,175,2,Female,Sales Executive,3,Married,4559,3,Yes,4,3,2,2
41,No,Travel_Rarely,Sales,9,Life Sciences,1,176,3,Male,Sales Executive,3,Divorced,8189,3,Yes,12,3,9,0
26,No,Travel_Rarely,Human Resources,25,Life Sciences,1,177,3,Female,Human Resources,3,Married,2942,1,No,8,3,8,5
36,No,Travel_Rarely,Research & Development,6,Medical,1,178,2,Male,Manufacturing Director,2,Divorced,4941,6,No,7,3,3,0
51,Yes,Travel_Frequently,Research & Development,8,Life Sciences,1,179,1,Male,Manufacturing Director,4,Single,10650,2,No,18,3,4,0
39,No,Travel_Rarely,Sales,4,Life Sciences,1,182,4,Female,Sales Executive,3,Married,5902,4,No,17,4,15,5
25,No,Travel_Rarely,Sales,28,Life Sciences,1,183,1,Male,Sales Executive,3,Married,8639,2,No,6,3,2,2
30,No,Travel_Rarely,Human Resources,9,Human Resources,1,184,3,Male,Human Resources,4,Married,6347,0,Yes,12,1,11,4
32,Yes,Travel_Rarely,Research & Development,9,Medical,1,190,1,Female,Laboratory Technician,1,Single,4200,7,No,10,4,5,0
45,No,Travel_Rarely,Research & Development,29,Medical,1,192,3,Male,Research Scientist,4,Single,3452,5,No,9,2,6,0
38,No,Travel_Rarely,Research & Development,3,Technical Degree,1,193,4,Female,Research Scientist,3,Single,4317,3,Yes,19,3,3,2
30,No,Travel_Rarely,Research & Development,18,Life Sciences,1,194,1,Female,Research Scientist,3,Single,2632,1,No,5,2,5,0
32,No,Travel_Frequently,Sales,9,Medical,1,195,4,Male,Sales Executive,4,Divorced,4668,0,No,9,4,8,0
30,No,Travel_Rarely,Research & Development,5,Technical Degree,1,197,4,Female,Research Scientist,1,Divorced,3204,5,No,8,3,3,2
30,No,Travel_Rarely,Research & Development,2,Medical,1,198,2,Male,Laboratory Technician,4,Single,2720,0,No,6,3,5,1
41,No,Travel_Frequently,Research & Development,10,Life Sciences,1,199,4,Male,Manager,1,Divorced,17181,4,No,21,2,7,7
41,No,Travel_Rarely,Research & Development,9,Life Sciences,1,200,3,Male,Laboratory Technician,1,Married,2238,2,No,7,3,5,1
19,No,Travel_Rarely,Research & Development,3,Medical,1,201,2,Female,Laboratory Technician,2,Single,1483,1,No,1,3,1,0
40,No,Travel_Frequently,Research & Development,26,Medical,1,202,2,Female,Research Scientist,2,Divorced,5605,1,No,20,3,20,2
35,No,Travel_Rarely,Sales,1,Marketing,1,204,3,Male,Sales Executive,2,Married,7295,1,No,10,3,10,0
53,No,Travel_Rarely,Sales,6,Marketing,1,205,2,Male,Sales Representative,3,Married,2306,2,Yes,13,1,7,4
45,No,Travel_Rarely,Research & Development,9,Life Sciences,1,206,2,Male,Laboratory Technician,2,Divorced,2348,8,No,20,1,17,0
32,No,Travel_Frequently,Sales,8,Marketing,1,207,2,Female,Sales Executive,4,Single,8998,1,No,9,3,9,3
29,No,Non-Travel,Research & Development,1,Technical Degree,1,208,4,Male,Manufacturing Director,3,Married,4319,1,No,10,3,10,0
51,No,Travel_Rarely,Research & Development,7,Medical,1,211,2,Male,Manufacturing Director,3,Married,6132,2,No,10,3,1,0
58,No,Travel_Rarely,Research & Development,9,Medical,1,214,2,Female,Research Scientist,2,Married,3346,4,Yes,9,2,1,0
40,No,Travel_Rarely,Sales,4,Marketing,1,215,3,Male,Sales Executive,4,Married,10855,7,No,15,2,12,2
34,No,Travel_Frequently,Sales,2,Marketing,1,216,3,Female,Sales Representative,3,Married,2231,6,No,6,3,4,1
22,No,Travel_Rarely,Research & Development,19,Medical,1,217,3,Male,Research Scientist,4,Married,2323,1,No,2,3,2,2
27,No,Non-Travel,Research & Development,9,Medical,1,218,4,Male,Research Scientist,2,Divorced,2024,6,No,6,1,2,2
28,No,Travel_Rarely,Research & Development,21,Medical,1,221,3,Male,Research Scientist,4,Married,2713,1,No,5,1,5,0
57,No,Travel_Rarely,Research & Development,24,Life Sciences,1,223,3,Male,Healthcare Representative,4,Divorced,9439,3,Yes,12,1,5,1
27,No,Non-Travel,Research & Development,3,Medical,1,224,3,Male,Research Scientist,3,Divorced,2566,1,Yes,1,2,1,0
50,No,Travel_Rarely,Research & Development,11,Life Sciences,1,226,3,Female,Manager,2,Single,19926,3,No,21,3,5,4
41,No,Travel_Rarely,Research & Development,14,Life Sciences,1,227,1,Male,Research Scientist,3,Divorced,2451,4,No,13,3,9,1
30,No,Travel_Rarely,Sales,5,Life Sciences,1,228,2,Female,Sales Executive,4,Married,9419,2,No,12,3,10,7
38,No,Travel_Rarely,Sales,1,Life Sciences,1,230,1,Female,Sales Executive,4,Single,8686,4,No,12,4,8,0
32,No,Travel_Rarely,Research & Development,6,Life Sciences,1,231,3,Male,Research Scientist,3,Single,3038,3,No,8,3,5,1
27,No,Travel_Rarely,Research & Development,17,Technical Degree,1,233,3,Male,Research Scientist,2,Married,3058,0,Yes,6,2,5,1
19,Yes,Travel_Frequently,Sales,1,Technical Degree,1,235,3,Female,Sales Representative,1,Single,2325,0,No,1,4,0,0
36,No,Travel_Frequently,Research & Development,3,Medical,1,238,4,Male,Laboratory Technician,2,Single,2088,4,No,13,2,8,7
30,No,Non-Travel,Research & Development,9,Medical,1,239,3,Male,Laboratory Technician,1,Divorced,3072,1,No,12,3,12,6
45,No,Travel_Rarely,Sales,4,Life Sciences,1,240,3,Female,Sales Executive,1,Divorced,5006,4,Yes,9,4,5,0
56,No,Travel_Rarely,Research & Development,8,Life Sciences,1,241,3,Female,Research Scientist,1,Divorced,4257,4,Yes,19,3,2,2
33,No,Travel_Rarely,Research & Development,2,Life Sciences,1,242,3,Male,Research Scientist,4,Single,2500,0,No,4,4,3,0
19,Yes,Travel_Rarely,Research & Development,2,Life Sciences,1,243,2,Male,Laboratory Technician,4,Single,1102,1,No,1,2,1,1
46,No,Travel_Rarely,Sales,1,Marketing,1,244,2,Female,Sales Executive,1,Divorced,10453,1,No,24,3,24,15
38,No,Travel_Rarely,Research & Development,9,Life Sciences,1,245,3,Female,Laboratory Technician,4,Single,2288,1,No,2,3,2,2
31,No,Travel_Rarely,Research & Development,12,Medical,1,246,3,Female,Research Scientist,4,Married,3929,8,Yes,7,3,4,0
34,No,Travel_Rarely,Research & Development,27,Medical,1,247,4,Female,Research Scientist,2,Single,2311,2,No,9,3,3,1
41,Yes,Travel_Rarely,Sales,20,Marketing,1,248,2,Female,Sales Representative,2,Single,3140,1,Yes,4,2,4,0
50,No,Travel_Rarely,Research & Development,1,Medical,1,249,3,Male,Laboratory Technician,3,Married,3690,2,No,5,2,3,0
53,No,Travel_Rarely,Research & Development,13,Medical,1,250,4,Female,Manufacturing Director,1,Divorced,4450,1,No,5,3,4,1
33,No,Travel_Rarely,Research & Development,14,Medical,1,252,4,Female,Research Scientist,2,Married,2756,1,No,8,3,8,1
40,No,Travel_Rarely,Research & Development,4,Medical,1,253,4,Female,Manager,3,Married,19033,1,No,21,3,20,9
55,No,Travel_Rarely,Research & Development,14,Medical,1,254,3,Male,Research Director,2,Single,18722,8,No,36,3,24,2
34,No,Travel_Frequently,Research & Development,2,Life Sciences,1,256,4,Male,Manufacturing Director,3,Married,9547,1,No,10,2,10,1
51,No,Travel_Rarely,Research & Development,3,Medical,1,258,4,Female,Healthcare Representative,2,Single,13734,3,No,21,3,7,1
52,No,Travel_Rarely,Research & Development,1,Life Sciences,1,259,3,Male,Manager,3,Married,19999,0,No,34,3,33,11
27,No,Travel_Rarely,Research & Development,9,Medical,1,260,4,Female,Research Scientist,2,Single,2279,1,No,7,2,7,0
35,Yes,Travel_Rarely,Research & Development,23,Life Sciences,1,261,2,Male,Manufacturing Director,3,Married,5916,3,Yes,8,3,1,0
43,No,Non-Travel,Research & Development,7,Medical,1,262,4,Male,Research Scientist,4,Divorced,2089,4,No,7,4,5,2
45,No,Non-Travel,Research & Development,2,Medical,1,264,1,Male,Manager,4,Married,16792,9,No,22,3,20,11
37,No,Travel_Rarely,Research & Development,21,Life Sciences,1,267,2,Male,Research Scientist,1,Married,3564,1,Yes,8,2,8,1
35,No,Travel_Frequently,Research & Development,2,Medical,1,269,2,Female,Laboratory Technician,2,Single,4425,5,No,10,3,6,1
42,No,Non-Travel,Research & Development,21,Medical,1,270,3,Female,Manufacturing Director,3,Divorced,5265,2,No,11,3,5,0
38,No,Travel_Rarely,Research & Development,2,Life Sciences,1,271,4,Male,Manufacturing Director,3,Married,6553,9,No,14,3,1,0
38,No,Travel_Rarely,Research & Development,29,Technical Degree,1,273,4,Male,Manufacturing Director,4,Married,6261,3,No,9,1,7,1
27,No,Travel_Frequently,Research & Development,1,Technical Degree,1,274,3,Male,Manufacturing Director,1,Married,4298,5,No,6,3,2,2
49,No,Non-Travel,Research & Development,18,Life Sciences,1,275,4,Male,Manufacturing Director,4,Divorced,6804,1,Yes,7,3,7,1
34,No,Travel_Frequently,Research & Development,10,Medical,1,277,4,Male,Research Scientist,3,Divorced,3815,1,Yes,5,4,5,2
40,No,Travel_Rarely,Research & Development,19,Medical,1,281,3,Male,Laboratory Technician,4,Married,2741,8,Yes,15,4,7,3
38,Yes,Travel_Rarely,Research & Development,29,Medical,1,282,2,Male,Healthcare Representative,1,Married,6673,7,Yes,17,3,1,0
29,Yes,Travel_Rarely,Sales,27,Marketing,1,283,2,Female,Sales Executive,4,Married,7639,1,No,10,2,10,1
22,No,Travel_Rarely,Research & Development,5,Life Sciences,1,284,4,Male,Research Scientist,2,Divorced,2328,1,Yes,4,2,4,2
36,No,Travel_Frequently,Research & Development,18,Medical,1,286,2,Female,Laboratory Technician,4,Single,2153,1,No,8,3,8,1
40,No,Non-Travel,Research & Development,9,Life Sciences,1,287,4,Male,Healthcare Representative,4,Married,4876,9,No,5,1,3,0
46,No,Travel_Rarely,Research & Development,1,Medical,1,288,4,Male,Healthcare Representative,1,Divorced,9396,7,No,17,3,4,0
32,Yes,Travel_Rarely,Sales,4,Medical,1,291,4,Male,Sales Executive,4,Married,10400,1,No,14,2,14,9
30,No,Non-Travel,Research & Development,1,Life Sciences,1,292,3,Male,Manufacturing Director,3,Single,8474,1,No,12,3,11,5
27,No,Travel_Frequently,Sales,20,Life Sciences,1,293,4,Female,Sales Executive,3,Single,9981,1,No,7,3,7,0
51,No,Travel_Rarely,Research & Development,8,Life Sciences,1,296,2,Male,Research Director,2,Married,12490,5,No,16,1,10,4
30,Yes,Travel_Rarely,Research & Development,3,Technical Degree,1,297,4,Female,Research Scientist,1,Single,2657,5,Yes,8,3,5,0
41,No,Travel_Rarely,Sales,6,Life Sciences,1,298,4,Female,Manager,4,Single,13591,3,Yes,16,3,1,0
30,Yes,Travel_Frequently,Sales,26,Marketing,1,299,3,Female,Sales Executive,1,Single,6696,5,No,9,2,6,0
29,Yes,Travel_Rarely,Research & Development,1,Technical Degree,1,300,3,Male,Research Scientist,3,Single,2058,0,No,7,2,6,1
45,No,Non-Travel,Sales,6,Medical,1,302,4,Female,Sales Executive,4,Single,8865,6,No,23,3,19,12
54,No,Travel_Rarely,Sales,3,Marketing,1,303,4,Female,Sales Executive,1,Married,5940,2,No,16,3,6,0
36,No,Travel_Rarely,Research & Development,5,Life Sciences,1,304,4,Male,Laboratory Technician,2,Single,5914,8,No,16,4,13,3
33,No,Travel_Rarely,Research & Development,4,Medical,1,305,3,Female,Research Scientist,2,Married,2622,6,No,7,3,3,1
37,No,Travel_Frequently,Research & Development,11,Other,1,306,2,Male,Research Director,4,Divorced,12185,1,Yes,10,3,10,0
38,No,Travel_Rarely,Sales,3,Life Sciences,1,307,1,Male,Sales Executive,3,Divorced,10609,0,No,17,2,16,5
31,No,Non-Travel,Research & Development,1,Medical,1,308,3,Male,Manufacturing Director,3,Married,4345,0,No,6,3,5,1
59,No,Travel_Rarely,Research & Development,3,Life Sciences,1,309,3,Male,Research Scientist,4,Married,2177,3,No,7,3,1,0
37,No,Travel_Frequently,Sales,4,Marketing,1,311,1,Male,Sales Representative,4,Divorced,2793,4,No,13,3,9,5
29,No,Travel_Frequently,Sales,1,Medical,1,312,2,Female,Sales Executive,4,Married,7918,1,No,11,3,11,4
35,No,Travel_Frequently,Sales,1,Marketing,1,314,3,Female,Sales Executive,3,Single,8789,1,No,10,4,10,0
29,Yes,Travel_Rarely,Research & Development,18,Medical,1,315,3,Male,Research Scientist,4,Single,2389,1,Yes,4,2,4,0
52,No,Travel_Rarely,Research & Development,2,Life Sciences,1,316,3,Female,Laboratory Technician,4,Single,3212,7,No,6,2,2,2
42,No,Travel_Rarely,Research & Development,4,Technical Degree,1,319,3,Male,Manager,4,Married,19232,1,No,22,3,22,11
59,No,Travel_Rarely,Human Resources,6,Medical,1,321,2,Male,Human Resources,3,Married,2267,8,No,7,2,2,2
50,No,Travel_Rarely,Sales,1,Medical,1,323,4,Female,Manager,4,Divorced,19517,3,No,32,2,7,0
33,Yes,Travel_Rarely,Research & Development,14,Medical,1,325,3,Male,Laboratory Technician,4,Married,2436,5,Yes,8,1,5,0
43,No,Travel_Rarely,Sales,16,Marketing,1,327,4,Female,Manager,4,Married,16064,5,Yes,22,3,17,1
33,Yes,Travel_Rarely,Research & Development,2,Life Sciences,1,328,1,Female,Laboratory Technician,1,Married,2707,7,No,13,4,9,1
52,No,Non-Travel,Sales,2,Life Sciences,1,329,1,Male,Manager,3,Single,19068,1,Yes,33,4,33,15
32,No,Travel_Rarely,Sales,4,Life Sciences,1,330,3,Female,Sales Representative,2,Married,3931,2,No,6,3,4,1
32,Yes,Travel_Rarely,Research & Development,1,Life Sciences,1,331,4,Male,Laboratory Technician,3,Single,3730,0,Yes,4,1,3,1
39,No,Travel_Rarely,Research & Development,1,Medical,1,332,3,Female,Laboratory Technician,3,Divorced,2232,7,No,7,3,3,1
32,No,Non-Travel,Sales,26,Marketing,1,333,3,Male,Sales Executive,4,Married,4465,0,No,4,3,3,2
41,No,Travel_Rarely,Research & Development,19,Life Sciences,1,334,3,Male,Research Scientist,1,Divorced,3072,2,No,17,2,1,0
40,No,Travel_Rarely,Research & Development,24,Technical Degree,1,335,1,Male,Research Scientist,4,Divorced,3319,1,No,9,3,9,4
45,No,Travel_Rarely,Research & Development,1,Other,1,336,3,Male,Manager,4,Married,19202,0,No,25,3,24,1
31,No,Travel_Frequently,Research & Development,3,Medical,1,337,2,Male,Research Director,3,Divorced,13675,9,No,9,3,2,2
33,No,Travel_Rarely,Research & Development,5,Life Sciences,1,338,3,Female,Research Scientist,4,Married,2911,1,No,2,2,2,0
34,No,Travel_Rarely,Research & Development,2,Life Sciences,1,339,4,Male,Manufacturing Director,1,Married,5957,6,No,13,3,11,5
37,No,Travel_Rarely,Research & Development,1,Medical,1,340,3,Female,Research Scientist,1,Married,3920,2,No,17,2,3,0
45,No,Travel_Frequently,Research & Development,7,Life Sciences,1,341,1,Male,Manufacturing Director,3,Married,6434,4,No,9,3,3,0
37,Yes,Travel_Frequently,Research & Development,10,Medical,1,342,1,Male,Manufacturing Director,3,Divorced,10048,6,No,17,3,1,0
39,No,Travel_Frequently,Research & Development,2,Technical Degree,1,343,3,Female,Healthcare Representative,3,Single,10938,0,No,20,3,19,11
29,No,Travel_Rarely,Research & Development,15,Life Sciences,1,346,3,Male,Research Scientist,4,Single,2340,1,No,6,3,6,1
42,No,Travel_Rarely,Research & Development,17,Life Sciences,1,347,4,Female,Research Scientist,1,Single,6545,3,Yes,10,3,3,0
29,No,Travel_Rarely,Sales,20,Marketing,1,349,4,Male,Sales Executive,4,Divorced,6931,2,No,10,3,3,0
25,No,Travel_Rarely,Research & Development,1,Life Sciences,1,350,1,Female,Manufacturing Director,3,Married,4898,0,No,5,3,4,1
42,No,Travel_Rarely,Research & Development,2,Medical,1,351,4,Female,Laboratory Technician,1,Divorced,2593,0,Yes,10,3,9,7
40,No,Travel_Rarely,Research & Development,2,Medical,1,352,1,Male,Research Director,3,Divorced,19436,0,No,22,3,21,3
51,No,Travel_Rarely,Research & Development,1,Life Sciences,1,353,3,Male,Research Scientist,4,Married,2723,1,No,1,2,1,0
31,Yes,Travel_Frequently,Research & Development,29,Medical,1,355,3,Male,Laboratory Technician,2,Single,3479,0,No,6,4,5,1
32,No,Travel_Frequently,Research & Development,7,Life Sciences,1,359,2,Male,Laboratory Technician,2,Married,2794,1,No,5,1,5,0
38,No,Non-Travel,Sales,2,Life Sciences,1,361,4,Male,Sales Executive,4,Married,5249,3,No,13,3,8,7
32,No,Travel_Rarely,Research & Development,2,Technical Degree,1,362,4,Male,Laboratory Technician,1,Single,2176,4,No,9,3,6,0
46,No,Travel_Rarely,Sales,2,Technical Degree,1,363,3,Female,Manager,2,Married,16872,3,Yes,28,2,7,7
28,Yes,Travel_Rarely,Research & Development,2,Life Sciences,1,364,1,Male,Laboratory Technician,3,Single,3485,2,No,5,1,0,0
29,No,Travel_Rarely,Sales,2,Medical,1,366,1,Male,Sales Executive,2,Married,6644,2,No,10,3,0,0
31,No,Travel_Rarely,Research & Development,23,Medical,1,367,2,Male,Healthcare Representative,4,Married,5582,0,No,10,3,9,7
25,No,Non-Travel,Research & Development,5,Life Sciences,1,369,2,Male,Healthcare Representative,1,Divorced,4000,1,No,6,3,6,1
45,No,Travel_Rarely,Research & Development,20,Medical,1,372,3,Male,Healthcare Representative,4,Married,13496,0,Yes,21,3,20,4
36,No,Travel_Rarely,Research & Development,6,Life Sciences,1,373,4,Male,Laboratory Technician,4,Married,3210,0,No,16,3,15,10
55,No,Travel_Rarely,Research & Development,1,Medical,1,374,4,Male,Manager,1,Single,19045,0,Yes,37,3,36,4
47,Yes,Non-Travel,Research & Development,29,Life Sciences,1,376,1,Male,Manager,2,Married,11849,1,Yes,10,2,10,9
28,No,Travel_Rarely,Research & Development,9,Medical,1,377,4,Male,Research Scientist,4,Married,2070,1,No,5,2,5,0
37,No,Travel_Rarely,Sales,6,Medical,1,378,3,Male,Sales Executive,4,Married,6502,4,No,7,4,5,0
21,No,Travel_Rarely,Research & Development,3,Medical,1,379,4,Male,Research Scientist,3,Single,3230,1,No,3,4,3,1
37,No,Non-Travel,Research & Development,1,Medical,1,380,1,Female,Research Director,4,Divorced,13603,2,Yes,15,3,5,0
35,No,Travel_Rarely,Research & Development,22,Life Sciences,1,381,2,Female,Manager,2,Divorced,11996,7,No,10,2,7,6
38,No,Travel_Rarely,Sales,7,Medical,1,382,1,Female,Sales Executive,1,Divorced,5605,1,Yes,8,3,8,7
26,No,Travel_Frequently,Research & Development,1,Life Sciences,1,384,3,Female,Manufacturing Director,2,Divorced,6397,1,No,6,1,6,1
50,No,Travel_Rarely,Research & Development,4,Life Sciences,1,385,1,Male,Research Director,2,Divorced,19144,3,No,28,2,10,1
53,No,Travel_Rarely,Research & Development,3,Medical,1,386,3,Male,Research Director,3,Married,17584,3,Yes,21,2,5,1
42,No,Travel_Rarely,Sales,1,Life Sciences,1,387,2,Male,Sales Executive,3,Married,4907,1,No,20,3,20,11
29,No,Travel_Frequently,Sales,2,Life Sciences,1,388,2,Male,Sales Executive,4,Single,4554,1,No,10,2,10,0
55,No,Travel_Rarely,Research & Development,20,Technical Degree,1,389,2,Male,Laboratory Technician,4,Married,5415,3,Yes,12,3,10,0
26,No,Travel_Frequently,Research & Development,11,Medical,1,390,1,Male,Healthcare Representative,1,Married,4741,1,Yes,5,3,5,3
37,No,Travel_Rarely,Research & Development,1,Life Sciences,1,391,4,Female,Research Scientist,4,Single,2115,1,No,17,3,17,5
44,Yes,Travel_Frequently,Research & Development,24,Life Sciences,1,392,4,Male,Laboratory Technician,3,Divorced,3161,3,Yes,19,1,1,0
38,No,Travel_Rarely,Research & Development,23,Life Sciences,1,393,4,Male,Healthcare Representative,4,Divorced,5745,9,No,10,3,2,1
26,Yes,Travel_Rarely,Research & Development,16,Medical,1,394,1,Male,Laboratory Technician,2,Divorced,2373,2,Yes,5,3,3,0
28,No,Travel_Rarely,Research & Development,8,Life Sciences,1,395,4,Female,Research Scientist,4,Single,3310,1,No,5,3,5,0
49,No,Travel_Frequently,Research & Development,10,Life Sciences,1,396,3,Female,Research Director,1,Single,18665,9,Yes,22,3,3,1
36,No,Travel_Rarely,Research & Development,3,Technical Degree,1,397,3,Male,Research Scientist,2,Single,4485,4,No,10,3,8,7
31,No,Travel_Frequently,Sales,5,Marketing,1,399,4,Female,Sales Representative,2,Divorced,2789,1,No,2,2,2,2
26,Yes,Travel_Rarely,Sales,4,Marketing,1,401,4,Male,Sales Executive,4,Single,5828,1,Yes,8,3,8,7
37,No,Travel_Frequently,Research & Development,9,Medical,1,403,2,Male,Research Scientist,4,Married,2326,1,Yes,4,2,4,1
42,No,Travel_Frequently,Sales,26,Marketing,1,404,3,Female,Sales Executive,2,Married,13525,5,No,23,4,20,4
18,Yes,Travel_Rarely,Research & Development,3,Life Sciences,1,405,3,Male,Laboratory Technician,3,Single,1420,1,No,0,3,0,0
35,No,Travel_Rarely,Sales,16,Marketing,1,406,3,Male,Sales Executive,2,Married,8020,0,No,12,2,11,6
36,No,Travel_Frequently,Research & Development,18,Life Sciences,1,407,3,Male,Laboratory Technician,4,Married,3688,4,No,4,3,1,0
51,No,Travel_Rarely,Research & Development,2,Medical,1,408,4,Male,Manufacturing Director,2,Divorced,5482,5,No,13,3,4,1
41,No,Travel_Rarely,Sales,2,Life Sciences,1,410,4,Male,Manager,2,Single,16015,1,No,22,3,22,0
18,No,Travel_Rarely,Sales,10,Medical,1,411,4,Female,Sales Representative,3,Single,1200,1,No,0,3,0,0
28,No,Travel_Rarely,Research & Development,16,Medical,1,412,2,Male,Healthcare Representative,1,Single,5661,0,No,9,3,8,0
31,No,Travel_Rarely,Sales,7,Technical Degree,1,416,2,Male,Sales Executive,4,Married,6929,4,No,10,2,8,7
39,No,Travel_Rarely,Research & Development,1,Medical,1,417,3,Male,Healthcare Representative,4,Divorced,9613,0,No,19,2,18,3
36,No,Non-Travel,Research & Development,24,Life Sciences,1,419,2,Female,Laboratory Technician,2,Married,5674,7,No,11,3,9,0
32,No,Travel_Rarely,Sales,7,Life Sciences,1,420,4,Male,Sales Executive,3,Married,5484,1,No,13,2,13,4
38,No,Travel_Rarely,Research & Development,25,Life Sciences,1,421,1,Female,Research Director,2,Married,12061,3,No,19,3,10,0
58,No,Non-Travel,Research & Development,1,Life Sciences,1,422,4,Male,Healthcare Representative,3,Divorced,5660,2,Yes,12,3,5,1
31,No,Travel_Rarely,Research & Development,5,Technical Degree,1,423,3,Male,Research Scientist,4,Married,4821,0,Yes,6,3,5,0
31,No,Travel_Rarely,Human Resources,2,Human Resources,1,424,1,Male,Human Resources,1,Married,6410,3,No,9,3,2,1
45,No,Travel_Frequently,Research & Development,7,Life Sciences,1,425,1,Male,Laboratory Technician,1,Divorced,5210,1,No,24,3,24,9
31,No,Travel_Rarely,Research & Development,2,Life Sciences,1,426,3,Male,Research Scientist,4,Divorced,2695,0,Yes,3,1,2,2
33,No,Travel_Frequently,Research & Development,5,Life Sciences,1,428,4,Female,Manager,2,Married,11878,6,No,12,3,10,8
39,No,Travel_Rarely,Research & Development,10,Medical,1,429,3,Male,Manager,1,Married,17068,1,Yes,21,3,21,11
43,No,Travel_Frequently,Research & Development,10,Life Sciences,1,430,3,Female,Laboratory Technician,4,Single,2455,0,No,9,3,8,1
49,No,Travel_Rarely,Research & Development,1,Technical Degree,1,431,3,Female,Healthcare Representative,3,Single,13964,7,Yes,25,3,7,0
52,Yes,Travel_Rarely,Research & Development,8,Medical,1,433,3,Male,Research Scientist,2,Married,4941,2,No,11,2,8,7
27,No,Travel_Rarely,Research & Development,5,Life Sciences,1,434,3,Female,Research Scientist,2,Single,2478,1,Yes,4,2,4,1
32,No,Travel_Rarely,Sales,8,Technical Degree,1,436,3,Female,Sales Executive,2,Married,5228,1,Yes,13,3,13,11
27,No,Travel_Rarely,Sales,2,Life Sciences,1,437,4,Male,Sales Executive,3,Single,4478,1,Yes,5,3,5,0
31,No,Travel_Rarely,Sales,7,Marketing,1,438,4,Male,Sales Executive,4,Divorced,7547,4,No,13,3,7,1
32,No,Travel_Rarely,Research & Development,2,Medical,1,439,1,Female,Research Scientist,4,Single,5055,7,No,10,2,7,0
28,Yes,Travel_Rarely,Research & Development,2,Medical,1,440,1,Male,Research Scientist,4,Married,3464,5,Yes,5,2,3,2
30,No,Travel_Rarely,Research & Development,28,Medical,1,441,4,Female,Research Scientist,4,Married,5775,1,No,11,3,10,1
31,No,Travel_Frequently,Research & Development,7,Life Sciences,1,442,3,Female,Manufacturing Director,3,Married,8943,1,No,10,3,10,8
39,No,Travel_Frequently,Research & Development,7,Medical,1,444,3,Male,Manager,4,Married,19272,1,No,21,3,21,13
39,Yes,Travel_Rarely,Sales,3,Medical,1,445,4,Female,Sales Executive,3,Married,5238,4,Yes,12,2,1,0
33,No,Travel_Frequently,Sales,10,Marketing,1,446,2,Male,Sales Executive,4,Single,4682,3,No,9,2,7,0
47,No,Travel_Rarely,Research & Development,5,Life Sciences,1,447,4,Male,Research Director,3,Married,18300,4,No,21,3,3,1
43,No,Travel_Frequently,Research & Development,10,Life Sciences,1,448,3,Female,Laboratory Technician,3,Divorced,5257,1,No,9,4,9,0
27,No,Non-Travel,Sales,1,Marketing,1,449,3,Male,Sales Executive,2,Married,6349,0,Yes,6,3,5,1
54,No,Travel_Frequently,Research & Development,20,Life Sciences,1,450,4,Female,Research Scientist,3,Single,4869,3,No,20,2,4,0
43,No,Travel_Rarely,Research & Development,7,Life Sciences,1,451,3,Female,Healthcare Representative,1,Married,9985,8,No,10,2,1,0
45,No,Travel_Rarely,Research & Development,8,Other,1,452,4,Male,Research Scientist,4,Married,3697,9,No,12,3,10,9
40,No,Travel_Rarely,Sales,1,Medical,1,453,2,Male,Sales Executive,4,Married,7457,2,Yes,6,2,4,0
29,Yes,Travel_Rarely,Research & Development,8,Other,1,454,2,Male,Laboratory Technician,1,Married,2119,1,Yes,7,2,7,0
29,No,Travel_Rarely,Research & Development,9,Other,1,455,2,Male,Laboratory Technician,4,Single,3983,0,No,4,3,3,2
30,No,Travel_Rarely,Sales,5,Marketing,1,456,4,Female,Sales Executive,3,Divorced,6118,1,No,10,3,10,1
27,No,Travel_Rarely,Sales,8,Marketing,1,458,2,Female,Sales Executive,2,Married,6214,1,No,8,3,8,0
37,No,Travel_Rarely,Research & Development,5,Medical,1,460,4,Male,Manufacturing Director,4,Divorced,6347,7,No,8,2,6,0
38,No,Travel_Rarely,Research & Development,15,Life Sciences,1,461,3,Male,Research Director,4,Divorced,11510,0,Yes,12,3,11,2
31,No,Travel_Rarely,Research & Development,7,Medical,1,462,3,Female,Manufacturing Director,4,Single,7143,1,Yes,11,2,11,4
29,No,Travel_Rarely,Sales,10,Marketing,1,463,4,Female,Sales Executive,2,Divorced,8268,1,Yes,7,3,7,1
35,No,Travel_Rarely,Research & Development,5,Technical Degree,1,464,3,Male,Manufacturing Director,2,Single,8095,0,No,17,3,16,0
23,No,Travel_Rarely,Research & Development,26,Life Sciences,1,465,3,Male,Research Scientist,4,Divorced,2904,1,No,4,2,4,0
41,No,Travel_Rarely,Research & Development,6,Medical,1,466,4,Male,Manufacturing Director,2,Single,6032,6,Yes,8,3,5,1
47,No,Travel_Frequently,Sales,4,Medical,1,467,2,Male,Sales Representative,3,Single,2976,3,No,5,3,0,0
42,No,Travel_Rarely,Research & Development,23,Life Sciences,1,468,1,Female,Research Director,4,Single,15992,2,No,16,3,1,0
29,No,Non-Travel,Sales,2,Life Sciences,1,469,4,Male,Sales Executive,3,Married,4649,1,No,4,2,4,0
42,No,Travel_Rarely,Human Resources,2,Technical Degree,1,470,3,Male,Human Resources,3,Divorced,2696,0,Yes,4,3,3,1
32,No,Travel_Rarely,Research & Development,2,Medical,1,471,3,Female,Laboratory Technician,2,Married,2370,1,No,8,3,8,0
48,No,Travel_Rarely,Sales,29,Medical,1,473,1,Female,Manager,3,Married,12504,3,No,15,1,0,0
37,No,Travel_Rarely,Research & Development,6,Medical,1,474,3,Male,Research Scientist,1,Divorced,5974,4,Yes,13,3,7,6
30,No,Non-Travel,Sales,25,Technical Degree,1,475,4,Female,Sales Executive,3,Married,4736,7,Yes,4,4,2,2
26,No,Travel_Rarely,Sales,1,Life Sciences,1,476,3,Male,Sales Executive,3,Married,5296,1,No,8,3,8,7
42,No,Travel_Rarely,Research & Development,2,Other,1,477,1,Male,Healthcare Representative,4,Single,6781,3,No,14,3,1,0
21,Yes,Travel_Frequently,Sales,1,Technical Degree,1,478,1,Female,Sales Representative,2,Single,2174,1,Yes,3,3,3,1
36,No,Non-Travel,Sales,1,Medical,1,479,4,Female,Sales Executive,4,Single,6653,4,No,7,3,1,0
36,No,Travel_Frequently,Sales,3,Medical,1,481,1,Male,Sales Executive,4,Married,9699,4,No,16,3,13,1
57,No,Travel_Rarely,Research & Development,1,Medical,1,482,4,Male,Healthcare Representative,3,Married,6755,2,No,15,3,3,1
40,No,Travel_Rarely,Research & Development,10,Life Sciences,1,483,4,Female,Laboratory Technician,3,Married,2213,3,Yes,10,3,7,1
21,No,Non-Travel,Sales,9,Medical,1,484,1,Male,Sales Representative,4,Single,2610,1,No,3,2,3,2
33,Yes,Travel_Rarely,Sales,5,Marketing,1,485,4,Female,Sales Representative,3,Single,2851,1,Yes,1,3,1,0
37,No,Travel_Rarely,Research & Development,10,Medical,1,486,3,Female,Laboratory Technician,1,Married,3452,6,No,17,3,5,0
46,No,Non-Travel,Research & Development,7,Medical,1,487,3,Female,Manufacturing Director,3,Married,5258,2,No,7,4,1,0
41,Yes,Travel_Frequently,Sales,4,Marketing,1,488,1,Male,Sales Executive,2,Single,9355,1,No,8,3,8,7
50,No,Travel_Rarely,Research & Development,10,Technical Degree,1,491,4,Male,Healthcare Representative,4,Single,10496,6,No,20,3,4,1
40,Yes,Travel_Rarely,Sales,22,Marketing,1,492,3,Male,Sales Executive,3,Married,6380,2,Yes,8,3,6,1
31,No,Travel_Rarely,Research & Development,9,Life Sciences,1,493,3,Male,Research Scientist,2,Single,2657,0,Yes,3,3,2,2
21,Yes,Travel_Rarely,Sales,12,Life Sciences,1,494,3,Female,Sales Representative,2,Single,2716,1,No,1,3,1,0
29,No,Travel_Rarely,Research & Development,23,Life Sciences,1,495,4,Male,Research Scientist,4,Single,2201,9,No,6,3,3,1
35,No,Travel_Rarely,Research & Development,9,Life Sciences,1,496,3,Male,Healthcare Representative,2,Single,6540,9,No,10,3,1,0
27,No,Travel_Rarely,Research & Development,1,Medical,1,497,4,Male,Laboratory Technician,2,Divorced,3816,1,No,5,3,5,0
28,No,Travel_Rarely,Sales,9,Life Sciences,1,498,2,Male,Sales Executive,4,Single,5253,1,No,7,3,7,0
49,No,Travel_Rarely,Research & Development,7,Other,1,499,2,Male,Healthcare Representative,3,Single,10965,8,No,26,3,5,0
51,No,Travel_Rarely,Sales,14,Life Sciences,1,500,3,Female,Sales Executive,4,Married,4936,4,No,18,2,7,0
36,No,Travel_Rarely,Research & Development,2,Life Sciences,1,501,4,Female,Research Scientist,3,Married,2543,4,No,6,3,2,2
34,Yes,Non-Travel,Sales,19,Marketing,1,502,1,Male,Sales Executive,4,Single,5304,8,Yes,9,2,5,0
55,No,Travel_Rarely,Research & Development,2,Life Sciences,1,505,3,Female,Manager,4,Single,16659,2,Yes,30,3,5,1
24,No,Travel_Rarely,Sales,10,Marketing,1,507,4,Female,Sales Executive,3,Divorced,4260,1,Yes,5,4,5,0
30,No,Travel_Rarely,Sales,2,Technical Degree,1,508,3,Male,Sales Representative,2,Married,2476,1,No,1,3,1,0
26,Yes,Travel_Frequently,Research & Development,3,Technical Degree,1,510,3,Male,Research Scientist,1,Single,3102,0,No,7,3,6,0
22,No,Travel_Rarely,Research & Development,11,Medical,1,511,1,Female,Research Scientist,2,Married,2244,1,No,2,3,2,1
36,No,Travel_Rarely,Sales,2,Medical,1,513,2,Male,Sales Executive,3,Married,7596,1,No,10,3,10,9
30,Yes,Travel_Frequently,Research & Development,4,Technical Degree,1,514,3,Male,Research Scientist,4,Single,2285,9,Yes,3,3,1,0
37,No,Travel_Rarely,Research & Development,14,Life Sciences,1,515,4,Female,Laboratory Technician,1,Divorced,3034,1,No,18,2,18,12
40,No,Travel_Rarely,Sales,2,Marketing,1,516,4,Female,Sales Executive,2,Divorced,5715,7,No,8,3,5,1
42,No,Travel_Rarely,Research & Development,1,Life Sciences,1,517,2,Female,Laboratory Technician,1,Divorced,2576,3,No,8,3,5,1
37,No,Travel_Rarely,Research & Development,10,Life Sciences,1,518,3,Male,Manufacturing Director,2,Single,4197,2,Yes,18,2,1,0
43,No,Travel_Rarely,Research & Development,12,Life Sciences,1,520,1,Male,Research Director,2,Divorced,14336,1,No,25,3,25,3
40,No,Travel_Rarely,Research & Development,2,Medical,1,521,2,Female,Laboratory Technician,3,Married,3448,6,No,20,3,1,0
54,No,Travel_Rarely,Research & Development,5,Medical,1,522,1,Male,Research Director,1,Married,19406,4,No,24,2,4,1
34,No,Non-Travel,Sales,4,Marketing,1,523,3,Female,Sales Executive,3,Married,6538,9,No,6,3,3,1
31,No,Travel_Rarely,Research & Development,7,Medical,1,524,2,Female,Manufacturing Director,1,Married,4306,1,No,13,1,13,3
43,No,Travel_Frequently,Research & Development,21,Medical,1,525,4,Male,Laboratory Technician,4,Married,2258,7,No,8,3,3,1
43,No,Travel_Rarely,Research & Development,8,Other,1,526,3,Female,Healthcare Representative,3,Divorced,4522,4,Yes,8,3,5,0
25,No,Travel_Rarely,Sales,4,Life Sciences,1,527,2,Female,Sales Executive,4,Single,4487,1,Yes,5,3,5,1
37,No,Non-Travel,Research & Development,25,Medical,1,529,2,Female,Research Scientist,3,Married,4449,3,Yes,15,3,13,10
31,No,Travel_Rarely,Research & Development,1,Life Sciences,1,530,4,Male,Laboratory Technician,1,Married,2218,1,No,4,3,4,3
39,No,Travel_Frequently,Research & Development,1,Life Sciences,1,531,2,Male,Manager,3,Divorced,19197,1,Yes,21,3,21,1
56,No,Travel_Frequently,Sales,6,Life Sciences,1,532,3,Female,Sales Executive,1,Married,13212,9,No,36,2,7,7
30,No,Travel_Rarely,Sales,12,Technical Degree,1,533,2,Female,Sales Executive,3,Single,6577,0,No,6,3,5,4
41,No,Travel_Rarely,Sales,1,Marketing,1,534,2,Male,Sales Executive,1,Married,8392,1,No,10,3,10,0
28,No,Travel_Rarely,Research & Development,17,Medical,1,536,3,Male,Laboratory Technician,1,Divorced,4558,1,No,10,3,10,1
25,Yes,Travel_Rarely,Research & Development,3,Medical,1,538,1,Male,Laboratory Technician,1,Married,4031,5,No,6,3,2,0
52,No,Travel_Rarely,Research & Development,3,Medical,1,543,4,Male,Manufacturing Director,3,Married,7969,2,Yes,28,3,5,0
45,No,Travel_Rarely,Research & Development,10,Life Sciences,1,544,1,Male,Research Scientist,4,Married,2654,3,No,8,2,2,0
52,No,Travel_Rarely,Research & Development,4,Life Sciences,1,546,4,Female,Manager,4,Married,16555,2,No,31,1,5,1
42,No,Travel_Frequently,Research & Development,29,Life Sciences,1,547,1,Female,Research Scientist,3,Divorced,4556,2,No,19,3,5,0
30,No,Travel_Rarely,Research & Development,2,Life Sciences,1,548,3,Female,Manufacturing Director,4,Single,6091,2,No,11,3,5,0
60,No,Travel_Rarely,Research & Development,7,Life Sciences,1,549,1,Female,Manager,1,Married,19566,5,No,33,1,29,11
46,No,Travel_Rarely,Research & Development,18,Medical,1,550,3,Female,Manufacturing Director,3,Divorced,4810,2,No,19,2,10,0
42,No,Travel_Frequently,Research & Development,28,Technical Degree,1,551,4,Female,Healthcare Representative,4,Married,4523,0,No,7,4,6,0
24,Yes,Travel_Rarely,Sales,1,Technical Degree,1,554,1,Female,Sales Representative,2,Single,3202,1,Yes,6,3,5,1
34,Yes,Travel_Frequently,Sales,6,Marketing,1,555,4,Female,Sales Representative,3,Divorced,2351,0,No,3,2,2,1
38,No,Travel_Frequently,Research & Development,2,Life Sciences,1,556,4,Male,Laboratory Technician,4,Married,1702,1,Yes,1,3,1,0
40,No,Travel_Rarely,Sales,2,Life Sciences,1,558,3,Female,Manager,3,Married,18041,0,No,21,3,20,1
26,No,Travel_Rarely,Research & Development,23,Life Sciences,1,560,1,Female,Research Scientist,4,Divorced,2886,1,No,3,1,3,0
30,No,Non-Travel,Research & Development,3,Life Sciences,1,562,3,Male,Laboratory Technician,4,Married,2097,4,No,9,1,5,1
29,No,Travel_Rarely,Research & Development,3,Medical,1,564,2,Male,Research Director,3,Married,11935,1,No,10,3,10,0
29,Yes,Travel_Rarely,Research & Development,25,Technical Degree,1,565,3,Female,Research Scientist,2,Married,2546,5,No,6,4,2,1
19,Yes,Travel_Rarely,Human Resources,2,Technical Degree,1,566,1,Male,Human Resources,4,Single,2564,1,No,1,4,1,0
30,No,Non-Travel,Sales,22,Other,1,567,3,Female,Sales Executive,1,Married,8412,0,No,10,3,9,7
57,No,Travel_Rarely,Sales,29,Marketing,1,568,1,Male,Manager,4,Divorced,14118,3,No,32,2,1,0
50,No,Travel_Rarely,Research & Development,29,Life Sciences,1,569,2,Male,Manager,3,Married,17046,0,No,28,3,27,15
30,No,Non-Travel,Research & Development,2,Medical,1,571,3,Female,Laboratory Technician,4,Single,2564,0,No,12,2,11,6
60,No,Travel_Frequently,Sales,28,Marketing,1,573,3,Female,Sales Executive,1,Married,10266,4,No,22,4,18,13
47,No,Travel_Rarely,Research & Development,2,Medical,1,574,1,Female,Manufacturing Director,4,Divorced,5070,5,No,20,3,5,0
46,No,Travel_Rarely,Research & Development,2,Life Sciences,1,575,1,Male,Research Director,3,Married,17861,6,No,26,1,3,0
35,No,Travel_Rarely,Research & Development,22,Life Sciences,1,577,4,Male,Laboratory Technician,3,Single,4230,0,No,6,3,5,4
54,No,Travel_Rarely,Research & Development,8,Life Sciences,1,578,3,Female,Laboratory Technician,3,Single,3780,7,No,19,3,1,0
34,No,Travel_Rarely,Research & Development,2,Life Sciences,1,579,4,Male,Research Scientist,3,Divorced,2768,3,No,14,3,7,5
46,No,Travel_Rarely,Sales,10,Marketing,1,580,3,Female,Sales Executive,4,Married,9071,2,Yes,15,3,3,1
31,No,Travel_Rarely,Research & Development,9,Life Sciences,1,581,3,Male,Manufacturing Director,2,Divorced,10648,1,No,13,4,13,0
33,Yes,Travel_Rarely,Research & Development,15,Medical,1,582,2,Male,Manager,3,Married,13610,7,Yes,15,4,7,7
33,Yes,Travel_Rarely,Research & Development,10,Medical,1,584,1,Male,Laboratory Technician,4,Divorced,3408,7,No,8,3,4,1
30,No,Travel_Rarely,Sales,7,Marketing,1,585,4,Male,Sales Representative,2,Single,2983,0,No,4,3,3,1
35,No,Travel_Rarely,Research & Development,16,Life Sciences,1,586,4,Male,Healthcare Representative,3,Married,7632,4,Yes,10,3,8,0
31,Yes,Travel_Frequently,Research & Development,20,Life Sciences,1,587,1,Male,Healthcare Representative,3,Married,9824,3,No,12,3,1,0
34,Yes,Travel_Frequently,Human Resources,23,Human Resources,1,590,2,Female,Human Resources,1,Divorced,9950,9,Yes,11,3,3,0
42,No,Travel_Frequently,Research & Development,5,Other,1,591,2,Male,Laboratory Technician,3,Married,2093,4,No,8,3,2,2
36,No,Non-Travel,Sales,10,Medical,1,592,2,Male,Sales Executive,4,Single,9980,1,No,10,2,10,9
22,Yes,Travel_Frequently,Research & Development,4,Technical Degree,1,593,3,Male,Laboratory Technician,3,Single,3894,5,No,4,3,2,1
48,No,Travel_Rarely,Sales,2,Marketing,1,595,2,Female,Sales Executive,4,Married,4051,2,No,14,3,9,6
55,No,Travel_Rarely,Sales,18,Life Sciences,1,597,1,Female,Manager,2,Single,16835,3,No,37,3,10,7
41,No,Non-Travel,Sales,10,Life Sciences,1,599,4,Male,Sales Executive,4,Single,6230,7,No,16,3,14,1
35,No,Travel_Rarely,Sales,1,Marketing,1,600,2,Male,Sales Executive,3,Married,4717,9,No,15,3,11,6
40,No,Travel_Rarely,Research & Development,6,Life Sciences,1,601,2,Female,Manufacturing Director,3,Single,13237,7,No,22,3,20,5
39,No,Travel_Frequently,Research & Development,8,Life Sciences,1,602,3,Female,Laboratory Technician,3,Married,3755,1,No,8,3,8,0
31,No,Travel_Rarely,Sales,2,Life Sciences,1,604,2,Male,Sales Executive,4,Single,6582,4,Yes,10,4,6,0
42,No,Travel_Rarely,Research & Development,24,Medical,1,605,4,Male,Manufacturing Director,1,Married,7406,1,Yes,10,2,10,5
45,No,Travel_Rarely,Sales,2,Other,1,606,4,Male,Sales Executive,2,Married,4805,0,No,9,4,8,3
26,Yes,Travel_Frequently,Human Resources,17,Life Sciences,1,608,2,Female,Human Resources,3,Divorced,2741,0,Yes,8,2,7,1
29,No,Travel_Rarely,Research & Development,19,Technical Degree,1,611,4,Male,Manufacturing Director,4,Divorced,4262,4,No,8,4,3,1
33,No,Travel_Rarely,Research & Development,1,Medical,1,612,1,Female,Research Director,3,Divorced,16184,4,No,10,3,6,0
31,No,Travel_Rarely,Sales,7,Life Sciences,1,613,3,Male,Manager,4,Divorced,11557,9,No,10,2,5,0
18,Yes,Travel_Frequently,Sales,5,Marketing,1,614,2,Male,Sales Representative,2,Single,1878,1,Yes,0,3,0,0
40,No,Non-Travel,Sales,28,Other,1,615,3,Male,Sales Executive,1,Divorced,10932,3,No,20,3,1,0
41,No,Non-Travel,Research & Development,2,Other,1,616,1,Female,Healthcare Representative,3,Single,6811,2,Yes,10,3,8,0
26,No,Travel_Rarely,Sales,29,Medical,1,618,1,Male,Sales Executive,3,Divorced,4306,5,No,8,3,0,0
35,No,Travel_Rarely,Sales,1,Medical,1,620,1,Female,Sales Executive,3,Single,4859,1,No,5,3,5,0
34,No,Travel_Rarely,Sales,21,Life Sciences,1,621,4,Male,Sales Executive,4,Single,5337,1,No,10,3,10,5
26,Yes,Travel_Rarely,Research & Development,24,Technical Degree,1,622,3,Male,Laboratory Technician,4,Single,2340,1,Yes,1,1,1,0
37,No,Travel_Rarely,Research & Development,1,Technical Degree,1,623,2,Female,Manufacturing Director,4,Single,7491,4,No,12,4,6,1
46,No,Travel_Frequently,Research & Development,18,Medical,1,624,1,Female,Healthcare Representative,3,Married,10527,5,No,28,2,2,1
41,No,Travel_Rarely,Sales,2,Life Sciences,1,625,2,Female,Manager,1,Married,16595,7,No,22,3,18,11
37,No,Non-Travel,Sales,9,Medical,1,626,1,Male,Sales Executive,2,Divorced,8834,1,No,9,3,9,7
52,No,Travel_Rarely,Research & Development,6,Technical Degree,1,630,4,Male,Research Scientist,1,Divorced,5577,3,Yes,18,3,10,6
32,Yes,Non-Travel,Sales,11,Other,1,631,4,Male,Sales Executive,3,Married,4707,8,No,6,3,4,1
24,No,Travel_Frequently,Sales,24,Medical,1,632,4,Male,Sales Representative,4,Married,2400,0,No,3,3,2,2
38,No,Travel_Rarely,Research & Development,10,Medical,1,634,3,Female,Healthcare Representative,3,Married,9824,3,No,18,3,1,0
37,No,Travel_Rarely,Research & Development,1,Life Sciences,1,635,2,Female,Manufacturing Director,2,Married,6447,6,No,8,2,6,4
49,No,Travel_Rarely,Research & Development,18,Life Sciences,1,638,4,Male,Research Director,3,Divorced,19502,1,Yes,31,3,31,0
24,No,Travel_Rarely,Research & Development,23,Medical,1,639,2,Male,Research Scientist,4,Married,2725,1,Yes,6,3,6,1
26,No,Travel_Rarely,Sales,28,Marketing,1,641,1,Male,Sales Executive,2,Married,6272,1,No,6,4,5,1
24,No,Travel_Rarely,Research & Development,17,Other,1,643,4,Male,Laboratory Technician,2,Married,2127,1,No,1,3,1,0
50,No,Travel_Frequently,Human Resources,3,Medical,1,644,1,Male,Manager,2,Married,18200,1,No,32,3,32,10
25,No,Travel_Rarely,Sales,13,Medical,1,645,2,Male,Sales Representative,3,Married,2096,1,No,7,3,7,0
24,Yes,Travel_Frequently,Research & Development,7,Life Sciences,1,647,1,Female,Laboratory Technician,3,Married,2886,1,Yes,6,3,6,1
30,Yes,Travel_Frequently,Sales,12,Life Sciences,1,648,2,Male,Sales Representative,1,Married,2033,1,No,1,4,1,0
34,No,Travel_Rarely,Research & Development,1,Life Sciences,1,649,2,Male,Research Scientist,4,Married,3622,1,Yes,6,3,6,1
31,Yes,Travel_Rarely,Sales,13,Medical,1,650,2,Male,Sales Executive,1,Divorced,4233,2,No,9,1,3,1
35,No,Travel_Rarely,Research & Development,25,Other,1,652,1,Male,Laboratory Technician,4,Single,3681,4,No,9,3,3,0
31,No,Travel_Rarely,Sales,6,Medical,1,653,1,Male,Sales Executive,4,Divorced,5460,4,No,13,4,7,5
27,No,Travel_Rarely,Research & Development,6,Medical,1,655,1,Female,Research Scientist,3,Divorced,2187,0,No,6,2,5,0
37,No,Travel_Rarely,Sales,2,Marketing,1,656,4,Male,Sales Executive,3,Married,9602,4,Yes,17,2,3,1
20,No,Travel_Rarely,Research & Development,1,Life Sciences,1,657,4,Female,Research Scientist,2,Single,2836,1,No,1,4,1,0
42,No,Travel_Rarely,Research & Development,2,Life Sciences,1,659,3,Female,Healthcare Representative,4,Married,4089,1,No,10,3,10,2
43,No,Travel_Rarely,Research & Development,6,Other,1,661,2,Male,Research Director,4,Divorced,16627,4,Yes,21,2,1,0
38,No,Travel_Rarely,Research & Development,1,Life Sciences,1,662,3,Female,Research Scientist,1,Single,2619,3,No,8,2,0,0
43,No,Travel_Frequently,Research & Development,9,Medical,1,663,4,Male,Laboratory Technician,3,Divorced,5679,3,Yes,10,3,8,4
48,No,Travel_Rarely,Research & Development,1,Life Sciences,1,664,4,Female,Manager,1,Married,15402,7,No,21,1,3,0
44,No,Travel_Rarely,Human Resources,1,Life Sciences,1,665,1,Female,Human Resources,3,Single,5985,4,No,10,4,2,0
34,No,Travel_Rarely,Sales,14,Technical Degree,1,666,3,Female,Sales Representative,3,Divorced,2579,1,Yes,8,3,8,0
27,Yes,Travel_Rarely,Sales,2,Marketing,1,667,3,Male,Sales Representative,1,Divorced,3041,0,No,5,3,4,0
21,No,Travel_Rarely,Sales,22,Technical Degree,1,669,3,Male,Sales Representative,3,Single,3447,1,No,3,3,3,1
44,No,Travel_Rarely,Research & Development,3,Other,1,671,4,Male,Manager,4,Married,19513,4,Yes,26,4,2,0
22,No,Travel_Rarely,Research & Development,6,Medical,1,675,1,Male,Research Scientist,3,Married,2773,0,No,3,3,2,2
33,No,Travel_Rarely,Sales,8,Marketing,1,677,3,Male,Sales Executive,3,Divorced,7104,0,No,6,3,5,1
32,No,Travel_Rarely,Research & Development,9,Life Sciences,1,679,1,Female,Research Scientist,4,Married,6322,1,Yes,6,2,6,0
30,No,Travel_Frequently,Research & Development,3,Medical,1,680,3,Female,Research Scientist,3,Divorced,2083,1,No,1,3,1,0
53,No,Travel_Rarely,Sales,1,Medical,1,682,4,Female,Sales Executive,1,Single,8381,7,No,18,4,14,8
34,No,Travel_Rarely,Research & Development,1,Life Sciences,1,683,2,Male,Research Scientist,4,Married,2691,1,No,10,2,10,8
45,Yes,Travel_Frequently,Sales,26,Life Sciences,1,684,1,Female,Sales Executive,1,Married,4286,2,No,5,3,1,0
26,No,Travel_Rarely,Research & Development,6,Life Sciences,1,686,3,Female,Laboratory Technician,4,Married,2659,1,Yes,3,3,3,0
37,No,Travel_Rarely,Research & Development,3,Other,1,689,3,Male,Manufacturing Director,3,Married,9434,1,No,10,3,10,7
29,No,Travel_Rarely,Sales,3,Medical,1,690,2,Female,Sales Executive,3,Married,5561,1,No,6,2,6,1
35,No,Travel_Rarely,Research & Development,6,Life Sciences,1,691,2,Male,Research Scientist,4,Single,6646,1,No,17,3,17,11
33,No,Travel_Frequently,Research & Development,6,Life Sciences,1,692,3,Male,Healthcare Representative,4,Divorced,7725,3,No,15,1,13,4
54,No,Travel_Rarely,Human Resources,19,Medical,1,698,3,Male,Human Resources,2,Married,10725,2,No,16,4,9,7
36,No,Travel_Rarely,Research & Development,9,Medical,1,699,2,Male,Manufacturing Director,2,Divorced,8847,2,Yes,13,3,3,0
27,No,Travel_Rarely,Research & Development,3,Medical,1,700,1,Male,Research Scientist,4,Single,2045,0,No,5,3,4,1
20,Yes,Travel_Rarely,Research & Development,10,Medical,1,701,4,Male,Research Scientist,3,Single,1009,1,Yes,1,3,1,1
33,Yes,Travel_Frequently,Research & Development,3,Life Sciences,1,702,1,Male,Research Scientist,1,Single,3348,1,Yes,10,3,10,9
35,No,Non-Travel,Research & Development,3,Life Sciences,1,704,3,Male,Laboratory Technician,3,Married,1281,1,No,1,3,1,0
23,No,Travel_Rarely,Research & Development,4,Medical,1,705,1,Male,Research Scientist,1,Married,2819,2,No,5,4,3,0
25,No,Travel_Rarely,Sales,8,Life Sciences,1,707,4,Male,Sales Executive,2,Married,4851,0,No,4,3,3,1
38,No,Travel_Rarely,Sales,7,Marketing,1,709,4,Female,Sales Executive,4,Single,4028,0,No,8,3,7,0
29,No,Travel_Frequently,Research & Development,1,Life Sciences,1,710,2,Male,Research Scientist,4,Divorced,2720,1,No,10,3,10,2
48,No,Travel_Rarely,Sales,2,Marketing,1,712,2,Male,Sales Executive,2,Married,8120,3,No,12,3,2,2
27,No,Travel_Frequently,Sales,3,Medical,1,714,4,Female,Sales Executive,4,Divorced,4647,1,Yes,6,3,6,0
37,No,Travel_Rarely,Research & Development,10,Life Sciences,1,715,4,Male,Research Scientist,4,Single,4680,3,No,4,3,1,0
50,No,Travel_Rarely,Research & Development,28,Medical,1,716,4,Male,Laboratory Technician,3,Married,3221,1,Yes,20,3,20,3
34,No,Travel_Rarely,Research & Development,9,Medical,1,717,4,Female,Healthcare Representative,2,Single,8621,1,No,9,4,8,7
24,Yes,Travel_Rarely,Sales,3,Life Sciences,1,720,1,Female,Sales Executive,3,Single,4577,9,No,4,3,2,2
39,No,Travel_Rarely,Research & Development,2,Technical Degree,1,721,4,Female,Healthcare Representative,3,Single,4553,1,No,20,3,20,11
32,No,Travel_Rarely,Sales,10,Marketing,1,722,4,Male,Sales Executive,4,Single,5396,1,No,10,2,10,0
50,Yes,Travel_Frequently,Sales,8,Technical Degree,1,723,2,Male,Sales Executive,3,Married,6796,3,Yes,18,3,4,1
38,No,Travel_Rarely,Research & Development,1,Life Sciences,1,724,2,Female,Healthcare Representative,4,Single,7625,0,No,10,2,9,1
27,No,Travel_Rarely,Research & Development,1,Life Sciences,1,725,3,Female,Manufacturing Director,1,Married,7412,1,No,9,3,9,0
32,No,Travel_Rarely,Research & Development,3,Life Sciences,1,727,3,Female,Research Director,4,Single,11159,3,No,10,3,7,7
47,No,Travel_Rarely,Sales,14,Marketing,1,728,4,Male,Sales Executive,1,Single,4960,2,No,20,3,7,1
40,No,Travel_Frequently,Sales,5,Life Sciences,1,729,4,Male,Sales Executive,1,Married,10475,5,Yes,20,3,18,1
53,No,Travel_Rarely,Research & Development,7,Life Sciences,1,730,3,Male,Research Director,3,Married,14814,3,No,32,3,5,1
41,No,Travel_Rarely,Human Resources,10,Human Resources,1,731,2,Male,Manager,4,Divorced,19141,3,No,23,2,21,12
60,No,Travel_Rarely,Sales,16,Marketing,1,732,1,Male,Sales Executive,1,Single,5405,8,No,10,3,2,2
27,No,Travel_Frequently,Research & Development,10,Life Sciences,1,733,4,Male,Manufacturing Director,1,Divorced,8793,1,No,9,2,9,1
41,No,Travel_Rarely,Human Resources,1,Human Resources,1,734,4,Male,Manager,3,Married,19189,1,No,22,3,22,2
50,No,Travel_Rarely,Sales,8,Marketing,1,738,4,Male,Sales Representative,2,Married,3875,7,No,4,3,2,2
28,Yes,Travel_Rarely,Research & Development,1,Life Sciences,1,741,1,Female,Research Scientist,2,Single,2216,7,Yes,10,3,7,3
36,No,Non-Travel,Research & Development,8,Life Sciences,1,742,1,Female,Research Director,1,Married,11713,9,No,10,3,8,0
38,No,Travel_Rarely,Research & Development,1,Life Sciences,1,743,3,Female,Manufacturing Director,3,Single,7861,4,Yes,10,4,1,0
44,No,Non-Travel,Research & Development,24,Medical,1,744,1,Male,Laboratory Technician,3,Single,3708,2,No,9,3,5,1
47,No,Travel_Frequently,Sales,3,Medical,1,746,4,Female,Sales Executive,3,Divorced,13770,9,Yes,28,2,22,11
30,No,Travel_Rarely,Sales,27,Marketing,1,747,3,Male,Sales Executive,4,Divorced,5304,7,No,10,2,8,7
29,No,Travel_Rarely,Sales,10,Life Sciences,1,749,3,Male,Sales Representative,3,Single,2642,1,No,1,3,1,0
42,Yes,Travel_Frequently,Research & Development,19,Medical,1,752,3,Male,Research Scientist,3,Divorced,2759,6,Yes,7,3,2,2
43,No,Travel_Frequently,Sales,15,Life Sciences,1,754,4,Male,Sales Executive,4,Married,6804,3,No,7,3,2,2
34,No,Travel_Rarely,Research & Development,8,Medical,1,757,2,Female,Healthcare Representative,3,Single,6142,3,No,10,3,5,4
23,No,Travel_Rarely,Research & Development,9,Medical,1,758,2,Male,Laboratory Technician,1,Married,2500,1,No,5,4,4,0
39,No,Travel_Rarely,Human Resources,3,Human Resources,1,760,3,Female,Human Resources,2,Married,6389,9,No,12,1,8,3
56,No,Travel_Rarely,Research & Development,9,Medical,1,762,3,Male,Healthcare Representative,4,Married,11103,7,No,30,2,10,1
40,No,Travel_Rarely,Research & Development,2,Medical,1,763,4,Female,Research Scientist,4,Single,2342,0,Yes,5,2,4,2
27,No,Travel_Rarely,Research & Development,7,Medical,1,764,4,Female,Healthcare Representative,1,Single,6811,8,No,9,1,7,0
29,No,Travel_Rarely,Sales,10,Marketing,1,766,4,Male,Sales Representative,2,Divorced,2297,1,No,2,3,2,2
53,No,Travel_Rarely,Research & Development,6,Life Sciences,1,769,4,Male,Laboratory Technician,4,Single,2450,2,No,19,3,2,2
35,No,Non-Travel,Research & Development,2,Life Sciences,1,771,4,Female,Healthcare Representative,1,Divorced,5093,2,No,16,4,1,0
32,No,Travel_Frequently,Research & Development,24,Life Sciences,1,772,1,Male,Laboratory Technician,4,Married,5309,1,No,10,3,10,4
38,No,Travel_Rarely,Research & Development,2,Medical,1,773,4,Male,Research Scientist,3,Married,3057,6,Yes,6,1,1,0
34,No,Travel_Rarely,Research & Development,8,Life Sciences,1,775,2,Female,Manufacturing Director,1,Divorced,5121,3,No,7,3,0,0
52,No,Travel_Rarely,Sales,3,Marketing,1,776,3,Male,Manager,1,Married,16856,1,No,34,4,34,1
33,Yes,Travel_Rarely,Research & Development,1,Other,1,780,4,Male,Research Scientist,4,Single,2686,1,Yes,10,2,10,7
25,No,Travel_Rarely,Sales,26,Medical,1,781,3,Female,Sales Executive,4,Single,6180,1,No,6,2,6,1
45,No,Travel_Rarely,Sales,2,Technical Degree,1,783,2,Male,Sales Representative,3,Single,6632,0,No,9,3,8,3
23,No,Travel_Rarely,Research & Development,10,Medical,1,784,1,Male,Research Scientist,3,Single,3505,1,No,2,3,2,0
47,Yes,Travel_Frequently,Sales,27,Life Sciences,1,785,2,Female,Sales Executive,3,Single,6397,4,Yes,8,3,5,1
34,No,Travel_Rarely,Sales,2,Other,1,786,4,Male,Sales Executive,4,Single,6274,1,No,6,3,6,1
55,Yes,Travel_Rarely,Research & Development,2,Medical,1,787,4,Male,Manager,1,Married,19859,5,Yes,24,3,5,1
36,No,Non-Travel,Sales,8,Life Sciences,1,789,1,Male,Sales Executive,1,Single,7587,1,No,10,3,10,0
52,No,Non-Travel,Research & Development,19,Medical,1,791,4,Male,Research Scientist,4,Married,4258,0,No,5,3,4,1
26,No,Travel_Frequently,Research & Development,1,Life Sciences,1,792,1,Female,Laboratory Technician,4,Divorced,4364,3,No,5,3,2,2
29,No,Travel_Rarely,Research & Development,27,Medical,1,793,2,Female,Healthcare Representative,3,Married,4335,4,No,11,2,8,1
26,Yes,Travel_Rarely,Sales,8,Technical Degree,1,796,4,Male,Sales Executive,1,Single,5326,6,No,6,2,4,1
34,No,Travel_Rarely,Research & Development,1,Life Sciences,1,797,2,Female,Research Scientist,4,Single,3280,2,No,10,3,4,1
54,No,Travel_Rarely,Research & Development,19,Medical,1,799,4,Female,Manufacturing Director,1,Divorced,5485,9,Yes,9,3,5,1
27,No,Travel_Frequently,Sales,8,Marketing,1,800,3,Male,Sales Executive,4,Married,4342,0,No,5,3,4,1
37,No,Travel_Rarely,Research & Development,10,Life Sciences,1,802,4,Female,Research Scientist,1,Divorced,2782,0,Yes,6,2,5,4
38,No,Travel_Frequently,Research & Development,2,Life Sciences,1,803,1,Female,Manufacturing Director,1,Single,5980,6,Yes,17,3,15,4
34,No,Travel_Rarely,Research & Development,2,Medical,1,804,3,Female,Research Scientist,1,Single,4381,1,No,6,3,6,1
35,No,Travel_Rarely,Sales,8,Life Sciences,1,805,1,Female,Sales Representative,4,Married,2572,1,No,3,2,3,0
30,No,Travel_Rarely,Research & Development,1,Life Sciences,1,806,4,Male,Laboratory Technician,3,Married,3833,3,No,7,3,2,0
40,No,Travel_Frequently,Research & Development,2,Medical,1,807,3,Female,Healthcare Representative,2,Married,4244,1,No,8,3,8,3
34,No,Travel_Rarely,Sales,8,Life Sciences,1,808,3,Female,Sales Executive,1,Married,6500,5,No,6,3,3,1
42,No,Travel_Frequently,Research & Development,8,Life Sciences,1,809,2,Male,Manager,4,Divorced,18430,1,No,24,2,24,14
23,Yes,Travel_Rarely,Research & Development,6,Life Sciences,1,811,3,Male,Laboratory Technician,1,Married,1601,1,Yes,1,3,0,0
24,No,Non-Travel,Research & Development,9,Life Sciences,1,812,3,Male,Laboratory Technician,2,Divorced,2694,1,No,1,3,1,0
52,No,Travel_Rarely,Research & Development,11,Life Sciences,1,813,4,Female,Laboratory Technician,3,Married,3149,8,No,9,3,5,1
50,No,Travel_Rarely,Research & Development,2,Medical,1,815,3,Male,Research Director,3,Married,17639,5,No,30,3,4,0
29,Yes,Travel_Rarely,Research & Development,1,Life Sciences,1,816,2,Female,Laboratory Technician,1,Married,2319,1,Yes,1,3,1,0
33,No,Travel_Rarely,Research & Development,7,Medical,1,817,3,Male,Research Director,3,Married,11691,0,No,14,4,13,3
33,Yes,Travel_Rarely,Sales,16,Marketing,1,819,1,Female,Sales Executive,1,Single,5324,5,No,6,3,3,0
47,No,Travel_Rarely,Research & Development,2,Other,1,820,3,Female,Manager,4,Married,16752,1,Yes,26,2,26,3
36,No,Travel_Rarely,Research & Development,1,Other,1,823,3,Female,Manufacturing Director,2,Married,5228,0,No,10,3,9,0
29,No,Travel_Rarely,Research & Development,23,Life Sciences,1,824,3,Male,Research Scientist,3,Married,2700,1,No,10,3,10,0
58,Yes,Travel_Rarely,Research & Development,2,Life Sciences,1,825,4,Male,Research Director,2,Single,19246,7,Yes,40,3,31,13
35,No,Travel_Rarely,Research & Development,1,Life Sciences,1,826,4,Female,Research Scientist,3,Single,2506,3,No,7,3,2,2
42,No,Travel_Rarely,Research & Development,1,Life Sciences,1,827,4,Female,Manufacturing Director,4,Married,6062,9,Yes,8,3,4,0
28,Yes,Travel_Rarely,Research & Development,2,Medical,1,828,3,Male,Research Scientist,3,Single,4382,6,No,5,2,2,2
36,No,Travel_Rarely,Human Resources,13,Human Resources,1,829,3,Male,Human Resources,2,Married,2143,4,No,8,3,5,0
32,No,Travel_Rarely,Research & Development,4,Life Sciences,1,830,3,Female,Manufacturing Director,3,Married,6162,1,No,14,3,14,6
40,No,Travel_Frequently,Research & Development,16,Medical,1,832,1,Male,Laboratory Technician,3,Single,5094,6,No,10,3,1,0
30,No,Travel_Rarely,Research & Development,2,Medical,1,833,3,Female,Manufacturing Director,4,Single,6877,5,Yes,12,2,0,0
45,No,Travel_Rarely,Research & Development,2,Life Sciences,1,834,2,Female,Research Scientist,3,Single,2274,1,No,1,3,1,0
42,No,Travel_Rarely,Research & Development,29,Life Sciences,1,836,2,Male,Manufacturing Director,2,Married,4434,1,No,10,2,9,7
38,No,Travel_Frequently,Research & Development,12,Life Sciences,1,837,1,Male,Healthcare Representative,1,Divorced,6288,2,No,13,2,4,1
34,No,Travel_Frequently,Research & Development,16,Life Sciences,1,838,3,Female,Research Scientist,4,Single,2553,1,No,6,3,5,1
49,Yes,Travel_Rarely,Sales,11,Marketing,1,840,3,Female,Sales Executive,4,Married,7654,1,No,9,4,9,7
55,Yes,Travel_Rarely,Sales,2,Medical,1,842,3,Male,Sales Executive,4,Single,5160,4,No,12,2,9,7
43,No,Travel_Rarely,Research & Development,14,Life Sciences,1,843,2,Male,Research Director,1,Married,17159,6,No,22,3,4,1
27,No,Travel_Rarely,Research & Development,5,Technical Degree,1,844,3,Male,Research Director,4,Divorced,12808,1,Yes,9,3,9,0
35,No,Travel_Rarely,Research & Development,7,Other,1,845,3,Male,Manufacturing Director,3,Single,10221,3,No,17,4,8,1
28,No,Travel_Rarely,Sales,2,Marketing,1,846,2,Female,Sales Executive,2,Married,4779,1,Yes,8,3,8,7
34,No,Travel_Rarely,Human Resources,3,Human Resources,1,847,3,Male,Human Resources,4,Married,3737,0,No,4,1,3,0
26,Yes,Travel_Frequently,Research & Development,5,Medical,1,848,3,Female,Research Scientist,3,Married,2366,1,Yes,8,3,8,1
27,No,Non-Travel,Research & Development,3,Medical,1,850,4,Male,Research Scientist,4,Married,1706,1,No,0,2,0,0
51,No,Travel_Rarely,Sales,26,Marketing,1,851,1,Female,Manager,3,Married,16307,2,No,29,2,20,4
44,No,Travel_Rarely,Research & Development,4,Medical,1,852,4,Male,Healthcare Representative,2,Single,5933,9,No,10,2,5,2
25,No,Travel_Rarely,Research & Development,2,Medical,1,854,1,Male,Research Scientist,1,Single,3424,7,No,6,2,4,0
33,No,Travel_Rarely,Sales,1,Medical,1,855,1,Male,Sales Executive,1,Divorced,4037,1,No,9,3,9,0
35,No,Travel_Rarely,Research & Development,27,Medical,1,856,3,Female,Research Scientist,1,Single,2559,1,No,6,2,6,1
36,No,Travel_Rarely,Sales,1,Life Sciences,1,857,2,Male,Sales Executive,4,Married,6201,1,Yes,18,2,18,4
32,No,Travel_Rarely,Sales,13,Life Sciences,1,859,2,Male,Sales Executive,4,Divorced,4403,2,No,8,2,5,0
30,No,Travel_Frequently,Research & Development,5,Life Sciences,1,861,2,Male,Research Scientist,4,Divorced,3761,9,No,10,2,5,0
53,No,Travel_Rarely,Sales,7,Marketing,1,862,1,Female,Sales Executive,4,Married,10934,7,Yes,35,3,5,0
45,No,Travel_Rarely,Sales,9,Marketing,1,864,4,Male,Sales Executive,1,Divorced,10761,4,Yes,18,3,5,0
32,No,Travel_Rarely,Research & Development,8,Medical,1,865,3,Female,Research Scientist,3,Married,5175,5,No,9,2,5,1
52,No,Travel_Frequently,Research & Development,25,Medical,1,867,3,Female,Manufacturing Director,4,Married,13826,3,No,31,3,9,0
37,No,Travel_Rarely,Sales,16,Marketing,1,868,4,Male,Sales Executive,3,Divorced,6334,4,No,9,3,1,0
28,No,Travel_Rarely,Human Resources,8,Medical,1,869,2,Male,Human Resources,4,Divorced,4936,1,No,6,3,5,0
22,No,Travel_Rarely,Research & Development,1,Life Sciences,1,872,4,Male,Manufacturing Director,4,Married,4775,6,No,4,1,2,2
44,No,Travel_Rarely,Research & Development,8,Life Sciences,1,874,1,Male,Laboratory Technician,4,Married,2818,2,Yes,10,2,3,0
42,No,Travel_Frequently,Research & Development,2,Medical,1,875,2,Male,Research Scientist,4,Single,2515,5,Yes,8,3,2,2
36,No,Travel_Rarely,Human Resources,8,Life Sciences,1,878,1,Male,Human Resources,1,Married,2342,0,No,6,3,5,0
25,No,Travel_Rarely,Sales,3,Other,1,879,3,Male,Sales Executive,1,Married,4194,1,Yes,5,3,5,0
35,No,Travel_Rarely,Research & Development,9,Life Sciences,1,880,4,Female,Manufacturing Director,3,Married,10685,1,Yes,17,3,17,5
35,Yes,Travel_Frequently,Research & Development,25,Life Sciences,1,881,4,Female,Research Scientist,2,Divorced,2022,1,Yes,10,2,10,7
32,No,Non-Travel,Research & Development,1,Life Sciences,1,882,4,Male,Laboratory Technician,4,Divorced,2314,0,No,4,3,3,0
25,No,Travel_Rarely,Sales,4,Marketing,1,885,3,Male,Sales Executive,1,Married,4256,1,No,5,4,5,0
49,No,Travel_Rarely,Research & Development,1,Technical Degree,1,887,3,Female,Research Scientist,1,Married,3580,2,No,7,3,4,0
24,No,Non-Travel,Research & Development,4,Life Sciences,1,888,1,Male,Laboratory Technician,4,Married,3162,0,No,6,2,5,3
32,No,Travel_Frequently,Sales,5,Life Sciences,1,889,2,Male,Sales Executive,2,Married,6524,1,No,10,3,10,5
38,No,Travel_Rarely,Sales,9,Marketing,1,893,2,Male,Sales Representative,2,Married,2899,0,No,3,3,2,1
42,No,Travel_Rarely,Research & Development,3,Life Sciences,1,894,3,Female,Laboratory Technician,4,Married,5231,2,Yes,17,2,5,1
31,No,Travel_Rarely,Research & Development,11,Life Sciences,1,895,4,Male,Research Scientist,4,Married,2356,3,Yes,8,3,6,0
29,Yes,Travel_Rarely,Sales,1,Medical,1,896,2,Female,Sales Representative,3,Divorced,2800,6,Yes,5,3,3,0
53,No,Travel_Rarely,Sales,8,Marketing,1,897,1,Male,Sales Executive,4,Married,11836,5,No,28,3,2,2
35,No,Travel_Rarely,Research & Development,25,Technical Degree,1,899,4,Male,Manufacturing Director,2,Married,10903,3,No,16,3,13,4
37,No,Travel_Frequently,Sales,21,Medical,1,900,3,Female,Sales Representative,4,Married,2973,5,No,10,3,5,0
53,No,Travel_Rarely,Research & Development,23,Life Sciences,1,901,4,Female,Research Director,4,Single,14275,6,No,33,3,12,3
43,No,Travel_Frequently,Research & Development,1,Life Sciences,1,902,4,Female,Healthcare Representative,4,Married,5562,4,No,12,2,5,2
47,No,Travel_Rarely,Sales,2,Marketing,1,903,3,Female,Sales Executive,4,Married,4537,0,Yes,8,3,7,7
37,No,Non-Travel,Sales,19,Medical,1,904,1,Male,Sales Executive,2,Single,7642,1,Yes,10,3,10,0
50,No,Non-Travel,Research & Development,2,Life Sciences,1,905,1,Male,Manager,1,Divorced,17924,1,No,31,3,31,14
39,No,Travel_Rarely,Human Resources,2,Life Sciences,1,909,4,Female,Human Resources,4,Married,5204,8,No,13,3,5,0
33,No,Travel_Rarely,Human Resources,3,Human Resources,1,910,4,Male,Human Resources,2,Divorced,2277,3,Yes,7,4,4,0
32,Yes,Travel_Rarely,Research & Development,25,Life Sciences,1,911,1,Male,Laboratory Technician,4,Single,2795,1,Yes,1,1,1,0
29,No,Travel_Rarely,Research & Development,7,Medical,1,912,1,Female,Laboratory Technician,4,Divorced,2532,6,No,8,3,4,0
44,No,Travel_Rarely,Research & Development,9,Life Sciences,1,913,2,Male,Research Scientist,1,Married,2559,1,Yes,8,3,8,7
28,No,Travel_Rarely,Sales,5,Medical,1,916,1,Male,Sales Executive,4,Single,4908,1,No,4,3,4,0
58,Yes,Travel_Frequently,Research & Development,2,Life Sciences,1,918,4,Male,Laboratory Technician,4,Divorced,2380,9,Yes,3,2,1,0
43,No,Travel_Rarely,Research & Development,8,Life Sciences,1,920,1,Female,Manufacturing Director,2,Divorced,4765,4,No,4,4,1,0
20,Yes,Travel_Rarely,Sales,2,Medical,1,922,3,Female,Sales Representative,3,Single,2044,1,No,2,2,2,0
21,Yes,Travel_Rarely,Research & Development,18,Other,1,923,4,Female,Research Scientist,4,Single,2693,1,No,1,2,1,0
36,No,Travel_Rarely,Research & Development,14,Life Sciences,1,924,3,Male,Healthcare Representative,4,Married,6586,0,Yes,17,2,16,4
47,No,Travel_Rarely,Sales,2,Life Sciences,1,925,4,Female,Sales Representative,4,Single,3294,1,Yes,3,2,3,1
22,Yes,Travel_Rarely,Research & Development,3,Life Sciences,1,926,2,Female,Manufacturing Director,3,Married,4171,0,Yes,4,4,3,0
41,Yes,Travel_Rarely,Research & Development,2,Life Sciences,1,927,2,Female,Laboratory Technician,4,Divorced,2778,4,Yes,10,2,7,1
28,No,Travel_Rarely,Research & Development,9,Medical,1,930,3,Female,Research Scientist,3,Divorced,2377,5,No,6,3,2,2
39,Yes,Travel_Rarely,Research & Development,6,Medical,1,932,4,Male,Laboratory Technician,1,Married,2404,7,Yes,8,1,2,2
27,No,Travel_Rarely,Research & Development,4,Life Sciences,1,933,2,Female,Research Scientist,3,Single,2318,1,No,1,3,1,0
34,No,Travel_Rarely,Research & Development,10,Life Sciences,1,934,2,Male,Laboratory Technician,2,Divorced,2008,1,No,1,3,1,1
42,No,Travel_Rarely,Sales,14,Medical,1,936,3,Female,Sales Executive,3,Single,6244,7,No,10,3,5,0
33,No,Travel_Rarely,Research & Development,1,Other,1,939,3,Male,Research Scientist,1,Single,2799,3,Yes,6,3,3,0
58,No,Travel_Rarely,Research & Development,5,Technical Degree,1,940,3,Female,Healthcare Representative,2,Divorced,10552,2,Yes,24,3,6,0
31,No,Travel_Rarely,Sales,7,Life Sciences,1,941,2,Male,Sales Representative,3,Married,2329,3,No,13,4,7,5
35,No,Travel_Rarely,Research & Development,21,Life Sciences,1,942,4,Female,Healthcare Representative,4,Married,4014,1,Yes,10,1,10,0
49,No,Travel_Rarely,Research & Development,8,Other,1,944,1,Female,Laboratory Technician,2,Married,7403,4,No,29,2,26,1
48,No,Travel_Rarely,Research & Development,20,Medical,1,945,4,Male,Research Scientist,3,Married,2259,4,No,13,2,0,0
31,No,Non-Travel,Sales,20,Marketing,1,947,4,Female,Sales Executive,3,Married,6932,1,No,9,2,9,0
36,No,Travel_Rarely,Research & Development,7,Other,1,949,2,Male,Research Scientist,4,Single,4678,2,No,8,3,6,0
38,No,Travel_Rarely,Research & Development,1,Technical Degree,1,950,4,Female,Research Director,1,Married,13582,1,No,15,3,15,5
32,No,Non-Travel,Research & Development,1,Life Sciences,1,951,3,Female,Laboratory Technician,2,Married,2332,6,No,5,3,3,0
25,Yes,Travel_Rarely,Sales,19,Marketing,1,952,3,Male,Sales Representative,2,Married,2413,1,Yes,1,3,1,0
40,No,Travel_Rarely,Sales,10,Marketing,1,954,1,Male,Sales Executive,2,Divorced,9705,2,No,11,2,1,0
26,No,Travel_Frequently,Sales,1,Medical,1,956,3,Male,Sales Executive,1,Single,4294,1,No,7,3,7,0
41,No,Travel_Rarely,Research & Development,6,Medical,1,957,4,Male,Laboratory Technician,1,Single,4721,2,Yes,20,3,18,2
36,No,Travel_Rarely,Research & Development,2,Medical,1,958,3,Male,Laboratory Technician,3,Single,2519,4,No,16,3,11,3
19,Yes,Travel_Rarely,Sales,21,Other,1,959,4,Male,Sales Representative,2,Single,2121,1,Yes,1,4,1,0
20,Yes,Travel_Rarely,Research & Development,4,Technical Degree,1,960,1,Male,Laboratory Technician,1,Single,2973,1,No,1,3,1,0
31,No,Travel_Rarely,Research & Development,12,Medical,1,961,4,Female,Healthcare Representative,4,Married,5855,0,Yes,10,1,9,8
40,No,Travel_Frequently,Research & Development,9,Medical,1,964,4,Male,Research Scientist,2,Divorced,3617,8,Yes,3,3,1,0
32,No,Travel_Rarely,Research & Development,3,Medical,1,966,3,Female,Manufacturing Director,1,Married,6725,1,No,8,4,8,6
36,Yes,Travel_Rarely,Sales,3,Life Sciences,1,967,3,Male,Sales Executive,4,Married,10325,1,Yes,16,3,16,3
33,No,Travel_Rarely,Research & Development,1,Life Sciences,1,969,2,Female,Healthcare Representative,4,Single,6949,0,No,6,3,5,1
37,Yes,Travel_Rarely,Sales,1,Life Sciences,1,970,1,Male,Sales Executive,3,Married,10609,5,No,17,1,14,11
45,No,Non-Travel,Research & Development,4,Life Sciences,1,972,3,Male,Laboratory Technician,2,Married,4447,1,No,9,2,9,0
29,No,Travel_Frequently,Sales,20,Technical Degree,1,974,3,Female,Sales Representative,4,Married,2157,1,No,3,3,3,0
35,No,Travel_Rarely,Sales,18,Medical,1,975,3,Female,Sales Executive,3,Married,4601,1,No,5,3,5,1
52,No,Travel_Rarely,Research & Development,1,Life Sciences,1,976,4,Male,Manager,4,Married,17099,2,No,26,2,9,7
58,Yes,Travel_Rarely,Research & Development,2,Technical Degree,1,977,4,Male,Research Scientist,3,Single,2479,4,No,7,3,1,0
53,No,Travel_Rarely,Sales,2,Medical,1,981,3,Male,Manager,3,Divorced,14852,6,No,22,4,17,15
30,No,Travel_Rarely,Sales,8,Other,1,982,3,Male,Sales Executive,3,Divorced,7264,5,No,10,4,8,7
38,No,Non-Travel,Sales,10,Technical Degree,1,983,3,Female,Sales Executive,4,Single,5666,1,Yes,6,3,5,1
35,No,Travel_Rarely,Sales,3,Life Sciences,1,984,4,Male,Sales Executive,4,Divorced,7823,6,No,12,3,10,0
39,No,Travel_Rarely,Sales,2,Life Sciences,1,985,1,Male,Sales Executive,3,Single,7880,0,No,9,3,8,0
40,Yes,Non-Travel,Sales,24,Life Sciences,1,986,2,Female,Sales Executive,2,Single,13194,4,Yes,22,2,1,0
47,No,Travel_Frequently,Research & Development,16,Medical,1,987,3,Male,Manufacturing Director,3,Divorced,5067,1,Yes,20,4,19,2
36,No,Non-Travel,Sales,8,Technical Degree,1,990,1,Male,Sales Executive,4,Divorced,5079,4,No,12,3,7,0
31,Yes,Non-Travel,Research & Development,9,Medical,1,991,3,Male,Research Scientist,1,Single,2321,0,Yes,4,3,3,1
33,No,Non-Travel,Sales,17,Life Sciences,1,992,4,Male,Manager,3,Single,17444,1,No,10,3,10,6
29,Yes,Travel_Rarely,Research & Development,10,Life Sciences,1,994,4,Female,Research Scientist,1,Single,2404,6,Yes,3,3,0,0
33,No,Travel_Rarely,Research & Development,13,Life Sciences,1,995,2,Female,Research Scientist,4,Single,3452,3,No,5,3,3,0
45,No,Travel_Rarely,Research & Development,1,Medical,1,996,4,Female,Laboratory Technician,4,Divorced,2270,3,No,8,3,5,0
50,No,Travel_Rarely,Research & Development,1,Medical,1,997,4,Male,Research Director,4,Divorced,17399,9,No,32,2,5,1
33,No,Travel_Frequently,Research & Development,1,Other,1,998,3,Female,Healthcare Representative,2,Married,5488,1,Yes,6,3,6,1
41,No,Travel_Frequently,Research & Development,9,Medical,1,999,1,Male,Research Director,3,Divorced,19419,2,No,21,4,18,0
27,No,Travel_Rarely,Research & Development,16,Technical Degree,1,1001,3,Female,Laboratory Technician,2,Married,2811,9,No,4,3,2,2
45,No,Non-Travel,Research & Development,23,Life Sciences,1,1002,4,Male,Laboratory Technician,1,Married,3633,1,Yes,9,3,9,0
47,No,Travel_Rarely,Sales,4,Life Sciences,1,1003,4,Female,Sales Executive,4,Single,4163,1,Yes,9,3,9,0
30,Yes,Travel_Rarely,Research & Development,22,Life Sciences,1,1004,1,Female,Research Scientist,3,Married,2132,4,Yes,7,3,5,0
50,No,Travel_Rarely,Research & Development,24,Life Sciences,1,1005,4,Male,Manufacturing Director,3,Married,13973,3,Yes,22,3,12,1
38,No,Travel_Frequently,Research & Development,10,Medical,1,1006,3,Male,Research Scientist,3,Married,2684,0,No,3,2,2,0
46,No,Travel_Rarely,Research & Development,7,Medical,1,1007,4,Male,Manufacturing Director,3,Divorced,10845,6,No,13,3,8,0
24,No,Travel_Rarely,Research & Development,17,Medical,1,1009,4,Female,Manufacturing Director,3,Divorced,4377,1,No,5,3,4,3
35,Yes,Travel_Rarely,Research & Development,14,Other,1,1010,3,Male,Laboratory Technician,2,Divorced,3743,1,Yes,5,1,4,0
31,No,Travel_Frequently,Research & Development,1,Life Sciences,1,1011,3,Female,Manufacturing Director,1,Married,4148,1,No,4,3,4,0
18,No,Non-Travel,Research & Development,5,Life Sciences,1,1012,2,Male,Research Scientist,4,Single,1051,1,No,0,3,0,0
54,No,Travel_Rarely,Research & Development,17,Technical Degree,1,1013,3,Female,Manufacturing Director,3,Married,10739,8,No,22,3,10,0
35,No,Travel_Rarely,Research & Development,25,Medical,1,1014,3,Female,Healthcare Representative,3,Divorced,10388,1,Yes,16,2,16,10
30,No,Travel_Rarely,Research & Development,8,Life Sciences,1,1015,2,Female,Research Director,1,Married,11416,0,Yes,9,2,8,1
20,Yes,Travel_Rarely,Research & Development,11,Medical,1,1016,4,Female,Research Scientist,1,Single,2600,1,Yes,1,3,1,0
30,Yes,Travel_Frequently,Research & Development,5,Medical,1,1017,2,Female,Laboratory Technician,2,Single,2422,0,No,4,3,3,1
26,No,Travel_Rarely,Research & Development,2,Medical,1,1018,4,Male,Manufacturing Director,4,Married,5472,1,No,8,3,8,1
22,No,Travel_Rarely,Research & Development,8,Life Sciences,1,1019,2,Male,Laboratory Technician,1,Married,2451,1,No,4,2,4,1
48,No,Travel_Rarely,Research & Development,6,Life Sciences,1,1022,1,Male,Healthcare Representative,3,Single,4240,2,No,19,3,2,2
48,No,Travel_Rarely,Research & Development,4,Life Sciences,1,1024,3,Male,Healthcare Representative,3,Single,10999,7,No,27,3,15,4
41,No,Travel_Rarely,Research & Development,7,Medical,1,1025,4,Female,Manufacturing Director,3,Single,5003,6,No,8,3,2,2
39,No,Travel_Rarely,Research & Development,1,Life Sciences,1,1026,4,Female,Manufacturing Director,4,Married,12742,1,No,21,3,21,11
27,No,Travel_Rarely,Research & Development,2,Life Sciences,1,1027,1,Female,Manufacturing Director,4,Married,4227,0,No,4,3,3,2
35,No,Travel_Rarely,Research & Development,10,Other,1,1028,2,Male,Laboratory Technician,4,Divorced,3917,1,No,3,2,3,1
42,No,Travel_Rarely,Sales,5,Marketing,1,1029,4,Male,Manager,3,Married,18303,6,No,21,4,1,0
50,No,Travel_Rarely,Research & Development,9,Life Sciences,1,1030,1,Male,Laboratory Technician,4,Married,2380,4,No,8,3,1,0
59,No,Travel_Rarely,Research & Development,2,Life Sciences,1,1032,3,Female,Manufacturing Director,4,Single,13726,3,Yes,30,3,5,4
37,Yes,Travel_Rarely,Research & Development,11,Medical,1,1033,1,Female,Healthcare Representative,2,Married,4777,5,No,15,1,1,0
55,No,Travel_Frequently,Research & Development,18,Medical,1,1034,3,Male,Healthcare Representative,2,Married,6385,3,Yes,17,3,8,6
41,No,Non-Travel,Research & Development,7,Life Sciences,1,1035,2,Female,Research Director,3,Divorced,19973,1,No,21,3,21,5
38,No,Travel_Rarely,Sales,3,Life Sciences,1,1036,2,Male,Sales Executive,4,Single,6861,8,Yes,19,3,1,0
26,Yes,Non-Travel,Sales,29,Medical,1,1037,2,Male,Sales Executive,1,Single,4969,8,No,7,3,2,2
52,Yes,Travel_Rarely,Sales,2,Marketing,1,1038,1,Female,Manager,4,Married,19845,1,No,33,3,32,6
44,No,Travel_Rarely,Sales,28,Medical,1,1039,4,Female,Sales Executive,4,Married,13320,3,Yes,23,3,12,11
50,No,Non-Travel,Sales,1,Life Sciences,1,1040,4,Female,Sales Executive,3,Married,6347,0,No,19,3,18,0
36,Yes,Travel_Rarely,Research & Development,16,Life Sciences,1,1042,3,Female,Laboratory Technician,1,Single,2743,1,No,18,3,17,15
39,No,Travel_Frequently,Research & Development,22,Medical,1,1043,4,Female,Manufacturing Director,1,Single,10880,1,Yes,21,3,21,2
33,No,Non-Travel,Sales,8,Life Sciences,1,1044,2,Female,Sales Representative,4,Single,2342,0,No,3,2,2,2
45,No,Travel_Rarely,Sales,11,Life Sciences,1,1045,4,Female,Manager,4,Married,17650,3,No,26,4,9,1
32,No,Non-Travel,Research & Development,29,Medical,1,1046,4,Female,Laboratory Technician,3,Single,4025,9,No,10,3,8,7
34,No,Travel_Rarely,Sales,1,Marketing,1,1047,2,Male,Sales Executive,4,Divorced,9725,0,No,16,2,15,0
59,No,Travel_Rarely,Sales,1,Technical Degree,1,1048,2,Male,Manager,4,Married,11904,3,Yes,14,1,6,0
45,No,Travel_Rarely,Human Resources,24,Medical,1,1049,2,Male,Human Resources,2,Single,2177,1,No,6,3,6,0
53,No,Travel_Frequently,Sales,2,Marketing,1,1050,3,Female,Sales Executive,2,Married,7525,2,No,30,3,15,6
36,Yes,Travel_Rarely,Research & Development,15,Other,1,1052,1,Male,Laboratory Technician,3,Divorced,4834,7,No,9,2,1,0
26,Yes,Travel_Frequently,Research & Development,2,Life Sciences,1,1053,1,Male,Research Scientist,1,Married,2042,6,Yes,6,3,3,1
34,No,Travel_Rarely,Sales,10,Life Sciences,1,1055,3,Female,Sales Representative,3,Married,2220,1,Yes,1,3,1,0
28,No,Travel_Rarely,Sales,10,Medical,1,1056,4,Male,Sales Representative,2,Married,1052,1,No,1,3,1,0
38,No,Travel_Frequently,Research & Development,3,Other,1,1060,3,Male,Research Scientist,3,Married,2821,3,No,8,3,2,2
50,No,Travel_Rarely,Research & Development,2,Medical,1,1061,2,Male,Research Director,3,Married,19237,2,Yes,29,2,8,7
37,No,Travel_Rarely,Research & Development,3,Other,1,1062,4,Female,Healthcare Representative,2,Single,4107,3,No,8,2,4,0
40,No,Travel_Rarely,Sales,26,Marketing,1,1066,3,Male,Sales Executive,1,Married,8396,1,No,8,2,7,7
26,No,Travel_Frequently,Research & Development,1,Medical,1,1068,1,Female,Research Scientist,3,Divorced,2007,1,No,5,3,5,1
46,No,Travel_Rarely,Research & Development,1,Medical,1,1069,4,Male,Research Director,4,Divorced,19627,9,No,23,3,2,2
54,No,Travel_Rarely,Sales,2,Life Sciences,1,1070,3,Female,Sales Executive,3,Married,10686,6,No,13,3,9,7
56,No,Travel_Frequently,Research & Development,9,Medical,1,1071,1,Female,Research Scientist,3,Married,2942,2,No,18,3,5,0
36,No,Travel_Rarely,Research & Development,12,Medical,1,1073,4,Female,Manufacturing Director,4,Single,8858,0,No,15,2,14,7
55,No,Non-Travel,Research & Development,2,Medical,1,1074,3,Male,Manager,1,Single,16756,7,No,31,4,9,6
43,No,Travel_Rarely,Sales,25,Medical,1,1076,3,Male,Sales Executive,4,Divorced,10798,5,No,18,3,1,0
20,Yes,Travel_Frequently,Sales,9,Marketing,1,1077,4,Female,Sales Representative,4,Single,2323,1,Yes,2,3,2,0
21,Yes,Travel_Rarely,Research & Development,10,Life Sciences,1,1079,3,Female,Laboratory Technician,1,Single,1416,1,No,1,2,1,1
46,No,Travel_Rarely,Research & Development,8,Life Sciences,1,1080,4,Female,Research Scientist,1,Divorced,4615,8,Yes,19,3,16,1
51,Yes,Travel_Rarely,Research & Development,4,Life Sciences,1,1081,1,Male,Research Scientist,3,Married,2461,9,Yes,18,4,10,2
28,Yes,Non-Travel,Research & Development,24,Technical Degree,1,1082,2,Male,Healthcare Representative,1,Single,8722,1,No,10,2,10,1
26,No,Travel_Rarely,Research & Development,1,Medical,1,1083,1,Male,Laboratory Technician,1,Married,3955,1,No,6,3,5,1
30,No,Travel_Rarely,Research & Development,20,Other,1,1084,3,Male,Manufacturing Director,1,Married,9957,0,No,7,2,6,0
41,No,Travel_Rarely,Research & Development,7,Technical Degree,1,1085,2,Female,Research Scientist,3,Married,3376,1,No,10,3,10,0
38,No,Travel_Rarely,Research & Development,17,Life Sciences,1,1088,3,Female,Healthcare Representative,3,Married,8823,0,No,20,2,19,1
40,No,Travel_Rarely,Research & Development,20,Technical Degree,1,1092,1,Male,Healthcare Representative,4,Married,10322,4,No,14,3,11,11
27,No,Non-Travel,Research & Development,8,Life Sciences,1,1094,1,Male,Laboratory Technician,3,Married,4621,1,No,3,3,3,1
55,No,Travel_Frequently,Research & Development,2,Life Sciences,1,1096,4,Male,Manufacturing Director,2,Married,10976,3,No,23,3,3,1
28,No,Travel_Rarely,Research & Development,10,Other,1,1097,3,Female,Research Scientist,3,Single,3660,3,No,10,4,8,1
44,Yes,Travel_Rarely,Human Resources,1,Medical,1,1098,2,Male,Human Resources,1,Married,10482,9,No,24,3,20,3
33,No,Travel_Rarely,Research & Development,5,Life Sciences,1,1099,4,Male,Healthcare Representative,4,Divorced,7119,4,No,9,3,3,1
35,Yes,Travel_Rarely,Sales,4,Technical Degree,1,1100,4,Male,Sales Executive,1,Single,9582,0,Yes,9,3,8,4
33,Yes,Travel_Frequently,Research & Development,29,Medical,1,1101,1,Female,Research Scientist,3,Single,4508,1,No,14,3,13,3
28,No,Travel_Rarely,Research & Development,15,Life Sciences,1,1102,1,Male,Laboratory Technician,3,Divorced,2207,1,No,4,2,4,2
34,No,Travel_Frequently,Research & Development,3,Life Sciences,1,1103,1,Male,Healthcare Representative,4,Single,7756,0,No,7,2,6,0
37,No,Travel_Rarely,Sales,10,Life Sciences,1,1105,4,Female,Sales Executive,4,Divorced,6694,2,Yes,8,3,1,0
25,Yes,Travel_Rarely,Research & Development,4,Technical Degree,1,1106,4,Male,Laboratory Technician,4,Married,3691,1,Yes,7,4,7,5
26,Yes,Travel_Rarely,Research & Development,21,Medical,1,1107,1,Male,Laboratory Technician,3,Divorced,2377,1,No,1,2,1,0
33,Yes,Travel_Rarely,Research & Development,25,Medical,1,1108,1,Male,Research Scientist,2,Single,2313,4,Yes,5,3,2,2
42,No,Travel_Rarely,Research & Development,2,Medical,1,1109,4,Male,Manager,1,Married,17665,0,No,23,3,22,13
28,Yes,Travel_Frequently,Research & Development,1,Medical,1,1111,1,Male,Laboratory Technician,2,Divorced,2596,1,No,1,3,1,0
50,Yes,Travel_Frequently,Sales,1,Other,1,1113,4,Male,Sales Executive,3,Single,4728,3,Yes,5,3,0,0
33,No,Travel_Frequently,Sales,7,Life Sciences,1,1114,4,Female,Sales Executive,2,Married,4302,0,No,4,3,3,0
34,No,Non-Travel,Research & Development,3,Life Sciences,1,1115,3,Male,Research Scientist,4,Married,2979,3,No,6,3,0,0
48,No,Non-Travel,Research & Development,1,Medical,1,1116,1,Male,Manager,4,Single,16885,2,No,27,2,5,2
45,No,Non-Travel,Sales,9,Life Sciences,1,1117,2,Female,Sales Executive,3,Married,5593,1,No,15,3,15,4
52,No,Travel_Rarely,Research & Development,7,Life Sciences,1,1118,2,Male,Healthcare Representative,2,Single,10445,7,No,18,3,8,4
38,No,Travel_Rarely,Sales,10,Marketing,1,1119,3,Male,Sales Executive,3,Divorced,8740,0,Yes,9,3,8,2
29,No,Travel_Rarely,Research & Development,28,Life Sciences,1,1120,3,Female,Research Scientist,4,Divorced,2514,4,No,11,3,7,1
28,No,Travel_Rarely,Research & Development,3,Medical,1,1121,4,Female,Manufacturing Director,2,Divorced,7655,0,No,10,2,9,1
46,No,Travel_Rarely,Sales,3,Marketing,1,1124,1,Male,Manager,3,Married,17465,3,No,23,3,12,4
38,No,Travel_Rarely,Sales,2,Marketing,1,1125,4,Male,Sales Executive,2,Single,7351,7,No,10,3,1,0
43,No,Travel_Frequently,Research & Development,27,Life Sciences,1,1126,3,Female,Manufacturing Director,1,Married,10820,8,No,18,3,8,0
39,Yes,Travel_Frequently,Research & Development,2,Life Sciences,1,1127,1,Male,Healthcare Representative,4,Divorced,12169,7,No,21,3,18,11
40,No,Travel_Rarely,Research & Development,14,Medical,1,1128,3,Male,Research Director,3,Single,19626,1,No,21,4,20,4
21,No,Travel_Rarely,Research & Development,1,Technical Degree,1,1131,4,Female,Research Scientist,2,Single,2070,1,Yes,2,4,2,2
39,No,Non-Travel,Research & Development,9,Life Sciences,1,1132,3,Male,Laboratory Technician,2,Single,6782,9,No,9,2,5,0
36,No,Non-Travel,Research & Development,18,Life Sciences,1,1133,1,Male,Manufacturing Director,4,Single,7779,2,No,18,3,11,0
31,No,Travel_Frequently,Sales,20,Life Sciences,1,1135,3,Male,Sales Representative,4,Married,2791,0,No,3,3,2,2
28,No,Travel_Rarely,Research & Development,2,Life Sciences,1,1136,1,Male,Research Scientist,2,Married,3201,0,No,6,1,5,0
35,No,Travel_Frequently,Sales,11,Marketing,1,1137,4,Male,Sales Executive,4,Divorced,4968,1,No,5,3,5,0
49,No,Travel_Rarely,Sales,8,Technical Degree,1,1138,4,Male,Sales Executive,2,Married,13120,6,No,22,3,9,2
34,No,Travel_Frequently,Research & Development,2,Life Sciences,1,1140,4,Male,Manufacturing Director,3,Single,4033,2,No,5,2,3,0
29,No,Travel_Frequently,Research & Development,10,Life Sciences,1,1143,4,Female,Research Scientist,2,Divorced,3291,0,No,8,2,7,1
42,No,Travel_Rarely,Research & Development,29,Medical,1,1148,2,Male,Laboratory Technician,4,Single,4272,4,No,16,3,1,0
29,No,Travel_Rarely,Research & Development,8,Medical,1,1150,2,Male,Manufacturing Director,4,Married,5056,1,Yes,10,2,10,1
38,No,Travel_Rarely,Human Resources,1,Human Resources,1,1152,3,Male,Human Resources,3,Married,2844,1,No,7,4,7,5
28,No,Travel_Frequently,Research & Development,6,Life Sciences,1,1154,3,Male,Research Scientist,3,Divorced,2703,1,Yes,3,3,3,0
18,Yes,Non-Travel,Research & Development,8,Medical,1,1156,3,Male,Laboratory Technician,3,Single,1904,1,No,0,3,0,0
33,Yes,Travel_Rarely,Sales,9,Marketing,1,1157,1,Female,Sales Executive,1,Single,8224,0,Yes,6,3,5,0
41,No,Travel_Rarely,Research & Development,12,Life Sciences,1,1158,2,Male,Laboratory Technician,4,Married,4766,3,Yes,6,3,1,0
31,Yes,Travel_Frequently,Research & Development,15,Medical,1,1160,3,Male,Laboratory Technician,3,Married,2610,1,No,2,2,2,2
37,No,Travel_Rarely,Research & Development,25,Medical,1,1161,3,Female,Healthcare Representative,4,Divorced,5731,7,No,9,3,6,1
27,No,Travel_Rarely,Research & Development,6,Life Sciences,1,1162,4,Male,Research Scientist,3,Married,2539,1,No,4,3,4,2
34,No,Travel_Rarely,Sales,9,Life Sciences,1,1163,2,Female,Sales Executive,3,Married,5714,1,No,6,2,6,1
35,No,Travel_Rarely,Human Resources,8,Technical Degree,1,1164,3,Male,Human Resources,3,Single,4323,1,No,6,1,5,1
29,Yes,Travel_Rarely,Sales,23,Life Sciences,1,1165,4,Female,Sales Executive,1,Married,7336,1,No,11,1,11,3
40,No,Travel_Frequently,Research & Development,9,Medical,1,1166,2,Female,Research Director,3,Single,13499,9,No,20,2,18,2
42,Yes,Travel_Frequently,Sales,12,Life Sciences,1,1167,3,Male,Sales Executive,1,Single,13758,0,Yes,22,2,21,13
42,No,Travel_Rarely,Sales,4,Marketing,1,1171,2,Male,Sales Executive,1,Single,5155,7,No,9,4,6,1
35,No,Travel_Rarely,Research & Development,1,Medical,1,1172,4,Male,Laboratory Technician,3,Married,2258,6,No,10,3,8,1
24,No,Travel_Rarely,Research & Development,24,Medical,1,1173,4,Male,Laboratory Technician,2,Single,3597,8,No,6,3,4,1
28,Yes,Travel_Rarely,Research & Development,12,Life Sciences,1,1175,3,Female,Laboratory Technician,4,Married,2515,1,Yes,1,2,1,0
26,No,Travel_Rarely,Research & Development,3,Medical,1,1177,1,Male,Laboratory Technician,4,Married,4420,1,No,8,3,8,0
30,No,Travel_Rarely,Sales,10,Marketing,1,1179,3,Male,Sales Executive,3,Married,6578,1,No,10,3,10,1
40,No,Travel_Frequently,Research & Development,26,Medical,1,1180,3,Female,Research Scientist,4,Married,4422,3,Yes,16,1,1,0
35,No,Travel_Rarely,Research & Development,2,Life Sciences,1,1182,3,Male,Manufacturing Director,2,Divorced,10274,2,No,15,4,7,6
34,No,Travel_Frequently,Research & Development,1,Medical,1,1184,4,Male,Healthcare Representative,1,Single,5343,0,No,14,3,13,4
35,No,Travel_Frequently,Research & Development,4,Other,1,1185,4,Male,Laboratory Technician,4,Married,2376,1,No,2,4,2,2
43,Yes,Travel_Rarely,Sales,9,Marketing,1,1188,1,Female,Sales Executive,3,Single,5346,8,No,7,2,4,1
32,No,Non-Travel,Sales,2,Life Sciences,1,1190,3,Female,Sales Representative,1,Divorced,2827,1,No,1,3,1,0
56,No,Travel_Rarely,Research & Development,4,Technical Degree,1,1191,4,Female,Manager,1,Divorced,19943,4,No,28,3,5,4
29,No,Travel_Rarely,Research & Development,6,Medical,1,1192,2,Female,Laboratory Technician,4,Married,3131,1,No,10,3,10,0
19,No,Travel_Rarely,Research & Development,9,Life Sciences,1,1193,3,Male,Research Scientist,1,Single,2552,1,No,1,3,1,0
45,No,Travel_Rarely,Research & Development,7,Medical,1,1195,1,Female,Research Scientist,3,Married,4477,4,Yes,7,2,3,0
37,No,Travel_Rarely,Research & Development,1,Life Sciences,1,1196,4,Female,Manufacturing Director,4,Married,6474,1,No,14,2,14,3
20,No,Travel_Rarely,Research & Development,3,Life Sciences,1,1198,1,Male,Laboratory Technician,3,Single,3033,1,No,2,2,2,1
44,Yes,Travel_Rarely,Research & Development,10,Life Sciences,1,1200,3,Male,Research Scientist,3,Single,2936,1,Yes,6,3,6,0
53,No,Travel_Rarely,Research & Development,7,Medical,1,1201,4,Female,Manager,3,Divorced,18606,3,No,26,3,7,4
29,No,Travel_Rarely,Research & Development,15,Life Sciences,1,1202,2,Female,Research Scientist,4,Married,2168,0,Yes,6,2,5,1
22,Yes,Travel_Frequently,Research & Development,3,Life Sciences,1,1203,3,Male,Research Scientist,4,Married,2853,0,Yes,1,3,0,0
46,No,Travel_Rarely,Sales,2,Marketing,1,1204,3,Female,Manager,1,Married,17048,8,No,28,3,26,15
44,No,Non-Travel,Research & Development,17,Life Sciences,1,1206,4,Male,Research Scientist,3,Single,2290,2,No,6,3,0,0
33,No,Travel_Rarely,Human Resources,2,Human Resources,1,1207,2,Male,Human Resources,3,Married,3600,1,No,5,3,5,1
41,Yes,Non-Travel,Research & Development,5,Life Sciences,1,1210,1,Male,Research Scientist,1,Divorced,2107,6,No,5,1,1,0
30,No,Travel_Rarely,Sales,29,Life Sciences,1,1211,3,Male,Sales Executive,1,Divorced,4115,8,No,8,3,4,0
40,No,Travel_Frequently,Sales,2,Medical,1,1212,2,Male,Sales Executive,2,Married,4327,5,No,5,3,0,0
50,No,Travel_Frequently,Research & Development,2,Medical,1,1215,4,Female,Manager,1,Married,17856,2,No,32,3,2,2
28,No,Travel_Rarely,Research & Development,19,Medical,1,1216,4,Male,Laboratory Technician,1,Married,3196,1,No,6,3,6,3
46,No,Travel_Rarely,Research & Development,15,Life Sciences,1,1217,4,Male,Research Director,2,Married,19081,5,No,25,3,4,0
35,No,Travel_Rarely,Sales,17,Life Sciences,1,1218,3,Male,Sales Executive,1,Married,8966,3,Yes,15,3,7,1
24,Yes,Travel_Rarely,Research & Development,17,Life Sciences,1,1219,4,Female,Laboratory Technician,2,Married,2210,1,No,1,1,1,0
33,No,Travel_Frequently,Sales,25,Medical,1,1220,2,Female,Sales Executive,3,Married,4539,1,No,10,2,10,0
36,No,Travel_Rarely,Research & Development,6,Life Sciences,1,1221,3,Male,Laboratory Technician,3,Divorced,2741,1,No,7,3,7,1
30,No,Travel_Rarely,Research & Development,7,Life Sciences,1,1224,3,Male,Laboratory Technician,3,Divorced,3491,1,No,10,2,10,8
44,No,Travel_Rarely,Research & Development,29,Other,1,1225,4,Male,Research Scientist,4,Single,4541,1,No,20,3,20,13
20,No,Travel_Rarely,Sales,21,Marketing,1,1226,3,Male,Sales Representative,4,Single,2678,1,No,2,3,2,2
46,No,Travel_Rarely,Research & Development,2,Technical Degree,1,1228,4,Male,Manufacturing Director,4,Divorced,7379,2,No,12,2,6,1
42,No,Non-Travel,Human Resources,2,Medical,1,1231,4,Male,Human Resources,1,Married,6272,7,No,10,4,4,0
60,No,Travel_Rarely,Sales,7,Marketing,1,1233,2,Male,Sales Executive,4,Divorced,5220,0,Yes,12,3,11,1
32,No,Travel_Frequently,Research & Development,13,Other,1,1234,3,Female,Laboratory Technician,2,Married,2743,1,No,2,3,2,2
32,No,Travel_Frequently,Research & Development,2,Life Sciences,1,1235,4,Female,Research Scientist,3,Single,4998,4,Yes,10,3,8,0
36,No,Travel_Rarely,Research & Development,1,Technical Degree,1,1237,3,Female,Manufacturing Director,1,Divorced,10252,2,Yes,17,3,7,7
33,No,Travel_Rarely,Research & Development,9,Medical,1,1238,1,Male,Research Scientist,4,Married,2781,0,No,15,3,14,4
40,No,Travel_Rarely,Sales,10,Technical Degree,1,1239,2,Female,Sales Executive,2,Divorced,6852,7,No,7,4,5,1
25,No,Travel_Rarely,Sales,10,Life Sciences,1,1240,3,Male,Sales Executive,4,Single,4950,0,No,5,3,4,1
30,No,Travel_Rarely,Research & Development,1,Medical,1,1241,4,Male,Research Scientist,2,Married,3579,0,Yes,12,3,11,5
42,No,Travel_Frequently,Research & Development,26,Medical,1,1242,1,Female,Research Director,1,Married,13191,3,Yes,20,3,1,0
35,No,Non-Travel,Sales,8,Marketing,1,1243,3,Female,Sales Executive,4,Married,10377,4,Yes,16,2,13,4
27,No,Travel_Rarely,Research & Development,14,Life Sciences,1,1244,1,Male,Research Scientist,1,Married,2235,1,Yes,9,2,9,6
54,No,Travel_Frequently,Research & Development,1,Life Sciences,1,1245,4,Female,Manufacturing Director,3,Divorced,10502,7,No,33,1,5,1
44,No,Travel_Rarely,Research & Development,2,Life Sciences,1,1246,1,Female,Research Scientist,4,Married,2011,1,No,10,3,10,7
19,Yes,Non-Travel,Research & Development,10,Medical,1,1248,1,Female,Research Scientist,2,Single,1859,1,Yes,1,4,1,0
29,No,Travel_Rarely,Research & Development,1,Life Sciences,1,1249,1,Female,Research Scientist,4,Divorced,3760,1,No,3,3,3,1
54,No,Travel_Rarely,Research & Development,3,Life Sciences,1,1250,4,Male,Research Director,4,Married,17779,3,No,36,3,10,0
31,No,Travel_Rarely,Research & Development,11,Medical,1,1251,3,Male,Healthcare Representative,1,Married,6833,1,Yes,6,2,6,0
31,No,Travel_Rarely,Research & Development,24,Medical,1,1252,3,Female,Healthcare Representative,1,Single,6812,1,No,10,3,10,1
59,No,Travel_Rarely,Sales,3,Life Sciences,1,1254,3,Female,Sales Executive,4,Single,5171,5,No,13,3,6,0
43,No,Travel_Rarely,Research & Development,3,Life Sciences,1,1255,3,Male,Research Director,4,Married,19740,3,No,25,3,8,0
49,No,Travel_Rarely,Research & Development,4,Medical,1,1256,1,Male,Manager,3,Married,18711,2,No,23,4,1,0
36,No,Travel_Frequently,Research & Development,3,Technical Degree,1,1257,3,Male,Research Scientist,2,Married,3692,1,No,12,2,11,0
48,No,Travel_Rarely,Research & Development,2,Technical Degree,1,1258,4,Male,Laboratory Technician,2,Single,2559,5,No,7,2,1,0
27,No,Travel_Rarely,Research & Development,4,Life Sciences,1,1259,1,Male,Research Scientist,3,Divorced,2517,1,No,5,3,5,0
29,No,Travel_Rarely,Research & Development,7,Life Sciences,1,1260,3,Male,Healthcare Representative,4,Divorced,6623,1,Yes,6,3,6,1
48,No,Travel_Rarely,Research & Development,1,Life Sciences,1,1263,4,Male,Research Director,4,Single,18265,6,No,25,4,1,0
29,No,Travel_Rarely,Research & Development,1,Life Sciences,1,1264,4,Female,Research Director,4,Divorced,16124,3,No,9,2,7,1
34,No,Travel_Rarely,Research & Development,20,Technical Degree,1,1265,3,Female,Research Scientist,3,Married,2585,0,No,2,2,1,0
44,No,Travel_Rarely,Sales,5,Marketing,1,1267,2,Male,Manager,2,Married,18213,7,No,26,3,22,3
33,No,Travel_Rarely,Sales,10,Marketing,1,1268,4,Male,Sales Executive,3,Divorced,8380,0,Yes,10,3,9,0
19,No,Travel_Rarely,Research & Development,25,Life Sciences,1,1269,2,Female,Research Scientist,4,Single,2994,1,Yes,1,3,1,0
23,No,Travel_Rarely,Research & Development,1,Life Sciences,1,1270,4,Male,Research Scientist,3,Married,1223,1,No,1,3,1,0
25,Yes,Travel_Frequently,Sales,24,Life Sciences,1,1273,3,Male,Sales Representative,4,Single,1118,1,Yes,1,3,1,1
26,No,Travel_Rarely,Research & Development,4,Life Sciences,1,1275,3,Male,Research Scientist,4,Single,2875,1,Yes,8,2,8,2
45,Yes,Travel_Rarely,Sales,2,Marketing,1,1277,1,Female,Manager,2,Single,18824,2,Yes,26,3,24,1
55,No,Non-Travel,Research & Development,8,Medical,1,1278,4,Male,Healthcare Representative,2,Divorced,13577,1,Yes,34,3,33,15
21,Yes,Travel_Frequently,Research & Development,10,Life Sciences,1,1279,1,Female,Laboratory Technician,3,Single,2625,1,No,2,1,2,2
46,No,Travel_Rarely,Sales,4,Marketing,1,1280,4,Female,Manager,2,Married,18789,2,No,26,3,11,0
34,No,Travel_Rarely,Sales,2,Marketing,1,1281,3,Female,Sales Executive,1,Single,4538,0,Yes,4,3,3,0
51,No,Travel_Frequently,Sales,9,Life Sciences,1,1282,4,Male,Manager,2,Divorced,19847,4,Yes,31,2,29,11
59,No,Travel_Rarely,Research & Development,18,Medical,1,1283,4,Male,Manufacturing Director,4,Single,10512,6,No,25,2,9,5
34,No,Travel_Frequently,Research & Development,19,Medical,1,1285,3,Female,Laboratory Technician,2,Divorced,4444,4,No,15,4,11,5
28,No,Travel_Frequently,Research & Development,1,Medical,1,1286,4,Male,Laboratory Technician,3,Single,2154,0,Yes,5,2,4,0
44,No,Travel_Rarely,Research & Development,4,Life Sciences,1,1288,3,Male,Manager,1,Divorced,19190,1,No,26,2,25,14
34,No,Travel_Frequently,Human Resources,11,Life Sciences,1,1289,3,Male,Human Resources,2,Married,4490,4,No,14,4,10,1
35,No,Travel_Rarely,Research & Development,6,Life Sciences,1,1291,3,Male,Research Scientist,3,Married,3506,0,Yes,4,3,3,2
42,No,Travel_Rarely,Research & Development,7,Medical,1,1292,2,Female,Research Scientist,2,Married,2372,6,Yes,18,3,1,0
43,No,Travel_Rarely,Sales,4,Marketing,1,1293,4,Female,Sales Executive,4,Single,10231,3,No,23,4,21,15
36,No,Travel_Rarely,Research & Development,2,Life Sciences,1,1294,3,Female,Manufacturing Director,2,Single,5410,9,Yes,18,3,16,5
44,Yes,Travel_Rarely,Research & Development,15,Medical,1,1295,1,Female,Healthcare Representative,4,Married,7978,1,No,10,3,10,0
28,No,Travel_Frequently,Research & Development,2,Life Sciences,1,1296,4,Male,Laboratory Technician,4,Married,3867,1,Yes,2,3,2,2
51,No,Travel_Frequently,Research & Development,6,Medical,1,1297,2,Female,Laboratory Technician,3,Single,2838,0,No,8,2,7,7
30,No,Non-Travel,Research & Development,9,Medical,1,1298,3,Female,Manufacturing Director,3,Single,4695,7,Yes,10,3,8,1
29,Yes,Travel_Rarely,Research & Development,7,Technical Degree,1,1299,2,Female,Laboratory Technician,3,Divorced,3339,3,Yes,10,3,7,7
28,No,Travel_Rarely,Research & Development,1,Technical Degree,1,1301,4,Male,Research Scientist,1,Single,2080,2,No,5,2,3,1
25,No,Travel_Rarely,Research & Development,1,Medical,1,1303,4,Female,Research Scientist,2,Single,2096,1,No,2,2,2,2
32,No,Travel_Rarely,Sales,8,Medical,1,1304,3,Male,Sales Executive,4,Married,6209,1,No,10,4,10,0
45,No,Travel_Frequently,Research & Development,25,Medical,1,1306,2,Female,Manager,2,Single,18061,3,No,22,3,0,0
39,No,Travel_Rarely,Research & Development,13,Medical,1,1307,3,Female,Manager,2,Divorced,17123,6,Yes,21,3,19,15
58,No,Travel_Rarely,Research & Development,23,Life Sciences,1,1308,1,Male,Research Scientist,3,Divorced,2372,1,No,2,3,2,2
32,Yes,Travel_Rarely,Research & Development,7,Life Sciences,1,1309,4,Male,Laboratory Technician,3,Married,4883,1,No,10,3,10,1
39,Yes,Travel_Rarely,Research & Development,23,Medical,1,1310,3,Male,Research Scientist,1,Single,3904,0,No,6,3,5,0
30,No,Travel_Rarely,Research & Development,6,Technical Degree,1,1311,1,Female,Laboratory Technician,4,Married,4627,0,No,10,3,9,6
36,No,Travel_Rarely,Research & Development,10,Technical Degree,1,1312,4,Female,Healthcare Representative,3,Married,7094,3,No,10,3,7,1
46,No,Travel_Rarely,Human Resources,1,Life Sciences,1,1314,4,Female,Human Resources,1,Single,3423,6,No,10,4,7,5
28,No,Non-Travel,Research & Development,1,Life Sciences,1,1315,3,Female,Laboratory Technician,4,Married,6674,0,No,10,3,9,7
50,No,Travel_Rarely,Research & Development,28,Life Sciences,1,1317,4,Female,Research Director,1,Married,16880,4,Yes,25,3,3,1
40,Yes,Travel_Rarely,Sales,25,Marketing,1,1318,4,Male,Sales Executive,2,Single,9094,2,Yes,9,3,5,1
52,Yes,Travel_Rarely,Sales,5,Life Sciences,1,1319,2,Male,Sales Executive,2,Single,8446,9,Yes,10,2,8,7
30,No,Travel_Rarely,Research & Development,17,Medical,1,1321,2,Female,Manager,1,Married,11916,1,Yes,9,3,9,0
39,No,Travel_Rarely,Research & Development,18,Life Sciences,1,1322,1,Male,Manufacturing Director,3,Single,4534,0,No,9,3,8,1
31,No,Non-Travel,Sales,2,Life Sciences,1,1324,4,Female,Sales Executive,3,Divorced,9852,1,Yes,10,2,10,9
41,No,Non-Travel,Sales,10,Medical,1,1329,3,Male,Sales Executive,2,Single,6151,1,No,19,3,19,11
31,Yes,Travel_Frequently,Sales,1,Life Sciences,1,1331,4,Female,Sales Representative,2,Single,2302,1,Yes,3,4,3,2
44,Yes,Travel_Rarely,Research & Development,3,Life Sciences,1,1333,1,Male,Laboratory Technician,1,Married,2362,4,No,10,4,3,1
42,No,Non-Travel,Research & Development,2,Life Sciences,1,1334,3,Male,Manager,3,Married,17861,0,Yes,21,2,20,2
55,No,Travel_Rarely,Research & Development,2,Medical,1,1336,4,Female,Manager,3,Married,19187,4,No,23,3,19,9
56,No,Travel_Rarely,Human Resources,8,Life Sciences,1,1338,4,Male,Manager,2,Single,19717,6,No,36,3,7,7
40,No,Non-Travel,Research & Development,16,Life Sciences,1,1340,3,Male,Research Scientist,3,Divorced,3544,9,No,6,3,4,0
34,No,Travel_Rarely,Research & Development,9,Life Sciences,1,1344,4,Male,Healthcare Representative,4,Divorced,8500,0,No,10,2,9,1
40,No,Travel_Rarely,Research & Development,2,Life Sciences,1,1346,3,Male,Research Scientist,4,Single,4661,1,No,9,3,9,8
41,No,Travel_Frequently,Sales,1,Marketing,1,1349,3,Female,Sales Executive,1,Divorced,4103,0,No,10,3,9,1
35,No,Travel_Frequently,Research & Development,4,Life Sciences,1,1350,3,Male,Research Scientist,3,Single,4249,1,Yes,9,3,9,1
51,No,Travel_Rarely,Human Resources,5,Life Sciences,1,1352,3,Male,Manager,2,Divorced,14026,1,Yes,33,3,33,0
38,No,Travel_Rarely,Sales,2,Life Sciences,1,1355,2,Female,Sales Executive,1,Divorced,6893,3,No,11,3,7,1
34,No,Travel_Rarely,Sales,15,Medical,1,1356,3,Female,Sales Executive,1,Single,6125,1,No,10,4,10,9
25,No,Travel_Rarely,Research & Development,19,Medical,1,1358,4,Male,Laboratory Technician,4,Married,3669,3,No,7,2,3,1
58,Yes,Travel_Rarely,Research & Development,7,Medical,1,1360,3,Female,Manufacturing Director,1,Married,10008,7,Yes,31,2,10,5
40,No,Travel_Rarely,Research & Development,1,Life Sciences,1,1361,2,Male,Laboratory Technician,2,Married,2387,3,No,7,3,4,0
36,No,Travel_Frequently,Sales,7,Marketing,1,1362,1,Female,Sales Executive,1,Married,4639,2,No,17,2,15,6
48,No,Travel_Rarely,Research & Development,4,Life Sciences,1,1363,4,Male,Manufacturing Director,4,Single,7898,1,No,11,3,10,0
27,No,Travel_Rarely,Sales,11,Medical,1,1364,3,Female,Sales Representative,4,Married,2534,8,No,5,3,1,0
51,No,Travel_Rarely,Research & Development,11,Technical Degree,1,1367,4,Female,Manufacturing Director,2,Single,13142,3,No,29,2,5,0
18,No,Non-Travel,Research & Development,1,Life Sciences,1,1368,4,Female,Laboratory Technician,4,Single,1611,1,No,0,4,0,0
35,No,Travel_Rarely,Research & Development,1,Medical,1,1369,4,Female,Laboratory Technician,4,Married,5363,0,No,10,3,9,0
27,No,Travel_Frequently,Sales,2,Life Sciences,1,1371,4,Male,Sales Executive,4,Single,5071,3,No,8,3,6,0
55,Yes,Travel_Rarely,Sales,13,Marketing,1,1372,1,Male,Sales Executive,3,Single,13695,6,Yes,24,2,19,3
56,No,Travel_Rarely,Research & Development,23,Life Sciences,1,1373,4,Male,Manufacturing Director,2,Married,13402,4,Yes,33,3,19,15
34,No,Non-Travel,Research & Development,26,Technical Degree,1,1374,1,Female,Research Scientist,3,Divorced,2029,1,No,5,3,5,0
40,No,Travel_Rarely,Research & Development,2,Medical,1,1375,2,Female,Healthcare Representative,3,Divorced,6377,5,No,15,3,12,11
34,No,Travel_Rarely,Research & Development,29,Medical,1,1377,2,Male,Laboratory Technician,3,Married,5429,4,No,10,3,8,7
31,Yes,Travel_Frequently,Sales,2,Life Sciences,1,1379,3,Female,Sales Representative,4,Single,2785,7,No,3,4,1,0
35,Yes,Travel_Frequently,Sales,18,Marketing,1,1380,4,Female,Sales Executive,3,Married,4614,0,Yes,5,2,4,3
38,No,Travel_Frequently,Research & Development,7,Life Sciences,1,1382,4,Male,Research Scientist,3,Divorced,2610,1,No,4,3,4,0
34,No,Travel_Rarely,Research & Development,2,Technical Degree,1,1383,3,Female,Healthcare Representative,4,Single,6687,1,No,14,4,14,4
28,No,Travel_Rarely,Sales,26,Life Sciences,1,1387,3,Male,Sales Executive,1,Married,4724,1,No,5,3,5,0
31,Yes,Travel_Rarely,Research & Development,22,Medical,1,1389,4,Male,Manufacturing Director,3,Married,6179,1,Yes,10,2,10,6
39,No,Travel_Rarely,Sales,21,Life Sciences,1,1390,1,Male,Sales Executive,4,Married,6120,3,Yes,8,4,5,1
51,No,Travel_Frequently,Sales,2,Marketing,1,1391,2,Male,Sales Executive,2,Married,10596,2,No,14,3,4,3
41,No,Travel_Frequently,Research & Development,22,Life Sciences,1,1392,4,Female,Research Scientist,4,Divorced,5467,3,Yes,12,2,6,3
37,No,Travel_Rarely,Research & Development,4,Life Sciences,1,1394,3,Male,Research Scientist,3,Married,2996,7,Yes,8,3,6,1
33,No,Travel_Frequently,Sales,5,Life Sciences,1,1395,2,Male,Sales Executive,4,Married,9998,6,No,8,4,5,1
32,No,Travel_Rarely,Sales,2,Marketing,1,1396,3,Male,Sales Executive,2,Married,4078,0,Yes,4,2,3,1
39,No,Non-Travel,Research & Development,25,Life Sciences,1,1397,3,Male,Healthcare Representative,3,Married,10920,3,No,13,3,6,0
25,No,Travel_Rarely,Sales,18,Life Sciences,1,1399,1,Male,Sales Executive,3,Married,6232,2,No,6,2,3,1
52,No,Travel_Frequently,Research & Development,28,Medical,1,1401,4,Female,Manufacturing Director,3,Married,13247,2,Yes,24,2,5,0
43,No,Travel_Rarely,Research & Development,6,Medical,1,1402,1,Female,Research Scientist,3,Single,4081,1,Yes,20,1,20,1
27,No,Travel_Rarely,Sales,10,Marketing,1,1403,4,Female,Sales Executive,4,Married,5769,1,Yes,6,3,6,4
27,Yes,Travel_Rarely,Research & Development,17,Life Sciences,1,1405,4,Female,Research Scientist,3,Single,2394,1,Yes,8,3,8,7
26,No,Travel_Rarely,Research & Development,2,Medical,1,1407,1,Male,Research Scientist,4,Single,3904,0,No,5,3,4,1
42,No,Travel_Rarely,Human Resources,10,Human Resources,1,1408,3,Female,Manager,1,Married,16799,0,No,21,3,20,0
52,No,Travel_Rarely,Research & Development,8,Other,1,1409,3,Female,Laboratory Technician,1,Married,2950,9,No,12,1,5,0
37,No,Travel_Rarely,Research & Development,11,Medical,1,1411,1,Female,Laboratory Technician,3,Single,3629,4,No,8,3,3,0
35,No,Travel_Frequently,Research & Development,18,Life Sciences,1,1412,3,Male,Manufacturing Director,4,Single,9362,2,No,10,3,2,2
25,No,Travel_Rarely,Research & Development,1,Technical Degree,1,1415,1,Male,Laboratory Technician,4,Married,3229,4,No,7,2,3,0
26,No,Travel_Rarely,Research & Development,7,Other,1,1417,3,Male,Laboratory Technician,1,Single,3578,0,No,8,3,7,0
29,No,Travel_Rarely,Human Resources,17,Other,1,1419,2,Male,Human Resources,1,Single,7988,1,No,10,2,10,0
49,Yes,Travel_Frequently,Research & Development,28,Life Sciences,1,1420,1,Male,Laboratory Technician,1,Single,4284,3,No,20,3,4,1
29,Yes,Travel_Frequently,Research & Development,14,Other,1,1421,3,Female,Healthcare Representative,4,Single,7553,0,Yes,9,3,8,7
54,No,Travel_Rarely,Research & Development,1,Medical,1,1422,4,Female,Research Director,4,Single,17328,6,No,29,2,20,12
58,No,Travel_Rarely,Research & Development,1,Medical,1,1423,4,Female,Research Director,1,Married,19701,3,Yes,32,3,9,1
55,No,Travel_Rarely,Research & Development,1,Medical,1,1424,2,Male,Research Director,4,Divorced,14732,2,No,31,4,7,0
36,No,Travel_Rarely,Sales,3,Marketing,1,1425,1,Female,Sales Executive,2,Single,9278,3,Yes,15,3,5,0
31,Yes,Travel_Frequently,Sales,1,Life Sciences,1,1427,2,Female,Sales Representative,3,Single,1359,1,No,1,3,1,0
30,No,Travel_Rarely,Sales,7,Marketing,1,1428,4,Female,Sales Executive,1,Divorced,4779,7,No,8,3,3,0
31,No,Travel_Rarely,Research & Development,8,Life Sciences,1,1430,1,Female,Research Director,2,Single,16422,3,No,9,4,3,1
34,No,Travel_Frequently,Research & Development,1,Other,1,1431,4,Male,Research Scientist,1,Divorced,2996,5,No,10,3,4,1
31,Yes,Travel_Rarely,Research & Development,8,Life Sciences,1,1433,1,Female,Research Scientist,2,Single,1261,1,No,1,4,1,0
27,No,Travel_Rarely,Research & Development,11,Life Sciences,1,1434,2,Male,Laboratory Technician,1,Married,2099,0,No,6,4,5,1
36,No,Travel_Rarely,Research & Development,4,Life Sciences,1,1435,1,Male,Laboratory Technician,4,Single,5810,1,No,10,2,10,1
36,No,Travel_Rarely,Sales,16,Marketing,1,1436,3,Female,Sales Executive,1,Married,5647,4,No,11,2,3,0
47,No,Travel_Rarely,Research & Development,1,Technical Degree,1,1438,1,Male,Research Scientist,4,Married,3420,7,No,17,2,6,1
25,Yes,Travel_Rarely,Sales,9,Life Sciences,1,1439,1,Male,Sales Representative,1,Married,4400,3,No,6,3,3,2
37,No,Non-Travel,Research & Development,5,Technical Degree,1,1440,3,Male,Laboratory Technician,3,Single,3500,0,No,7,1,6,1
56,No,Travel_Rarely,Research & Development,1,Life Sciences,1,1441,1,Female,Research Scientist,1,Married,2066,2,No,5,4,3,1
47,No,Travel_Rarely,Research & Development,2,Medical,1,1443,1,Female,Research Director,3,Married,17169,3,No,26,4,20,5
24,No,Travel_Rarely,Sales,4,Medical,1,1445,4,Female,Sales Executive,3,Married,4162,1,Yes,5,3,5,0
32,No,Travel_Rarely,Sales,7,Marketing,1,1446,4,Male,Sales Executive,4,Married,9204,4,No,7,2,4,0
34,No,Travel_Rarely,Research & Development,1,Life Sciences,1,1447,4,Female,Laboratory Technician,2,Married,3294,5,No,7,2,5,0
41,No,Travel_Rarely,Research & Development,5,Medical,1,1448,2,Male,Research Scientist,3,Married,2127,2,Yes,7,2,4,0
40,No,Non-Travel,Research & Development,9,Other,1,1449,3,Male,Laboratory Technician,3,Divorced,3975,3,No,11,4,8,0
31,No,Travel_Rarely,Sales,8,Life Sciences,1,1453,1,Male,Sales Executive,4,Divorced,10793,1,No,13,3,13,9
46,Yes,Travel_Rarely,Sales,9,Marketing,1,1457,1,Male,Sales Executive,4,Divorced,10096,4,No,28,4,7,4
39,Yes,Non-Travel,Research & Development,2,Life Sciences,1,1458,1,Female,Laboratory Technician,1,Single,3646,2,Yes,11,4,1,0
31,Yes,Travel_Frequently,Research & Development,1,Life Sciences,1,1459,3,Female,Manufacturing Director,2,Single,7446,1,No,10,3,10,4
45,No,Travel_Rarely,Research & Development,20,Medical,1,1460,2,Male,Healthcare Representative,1,Divorced,10851,2,Yes,24,3,7,0
31,No,Travel_Rarely,Human Resources,8,Medical,1,1461,4,Female,Human Resources,2,Single,2109,9,No,8,3,3,0
31,Yes,Travel_Frequently,Research & Development,2,Life Sciences,1,1464,2,Male,Laboratory Technician,4,Married,3722,6,Yes,7,1,2,2
45,No,Travel_Rarely,Research & Development,29,Technical Degree,1,1465,2,Male,Manufacturing Director,4,Married,9380,4,Yes,10,4,3,1
48,No,Travel_Rarely,Sales,7,Marketing,1,1466,3,Male,Sales Executive,1,Divorced,5486,4,No,15,3,2,2
34,Yes,Travel_Rarely,Human Resources,9,Technical Degree,1,1467,1,Female,Human Resources,3,Married,2742,1,No,2,3,2,2
40,No,Non-Travel,Research & Development,8,Medical,1,1468,4,Male,Research Director,2,Divorced,13757,2,No,16,3,9,4
28,No,Travel_Rarely,Sales,5,Medical,1,1469,4,Male,Sales Executive,1,Single,8463,0,No,6,3,5,1
44,No,Non-Travel,Research & Development,5,Life Sciences,1,1471,3,Male,Laboratory Technician,3,Single,3162,3,No,7,3,5,0
53,No,Travel_Rarely,Research & Development,2,Medical,1,1472,4,Male,Research Director,2,Single,16598,4,No,35,2,9,8
49,No,Travel_Rarely,Research & Development,5,Technical Degree,1,1473,1,Male,Healthcare Representative,3,Married,6651,2,No,20,2,3,1
40,No,Travel_Rarely,Research & Development,2,Medical,1,1474,3,Male,Research Scientist,3,Divorced,2345,2,No,8,4,3,1
44,No,Travel_Rarely,Research & Development,20,Life Sciences,1,1475,4,Male,Research Scientist,2,Single,3420,1,No,6,2,5,1
33,No,Travel_Frequently,Sales,7,Medical,1,1477,4,Male,Sales Executive,1,Married,4373,0,No,5,3,4,0
34,No,Travel_Rarely,Sales,3,Other,1,1478,4,Male,Sales Executive,1,Single,4759,3,No,15,3,13,3
30,No,Travel_Rarely,Sales,16,Life Sciences,1,1479,4,Male,Sales Executive,3,Married,5301,8,No,4,2,2,2
42,No,Travel_Frequently,Research & Development,9,Medical,1,1480,1,Female,Laboratory Technician,4,Single,3673,1,No,12,3,12,5
44,No,Travel_Frequently,Sales,1,Marketing,1,1481,1,Female,Sales Executive,3,Married,4768,7,No,11,2,1,0
30,No,Non-Travel,Research & Development,7,Technical Degree,1,1482,3,Male,Research Scientist,3,Divorced,1274,1,No,1,2,1,0
57,No,Travel_Rarely,Research & Development,1,Life Sciences,1,1483,2,Male,Research Scientist,3,Married,4900,0,No,13,2,12,2
49,No,Travel_Rarely,Research & Development,7,Life Sciences,1,1484,3,Male,Healthcare Representative,2,Divorced,10466,3,No,29,3,8,0
34,No,Travel_Frequently,Research & Development,15,Medical,1,1485,2,Male,Research Director,1,Divorced,17007,7,No,16,2,14,6
28,Yes,Travel_Frequently,Sales,1,Technical Degree,1,1486,1,Male,Sales Representative,3,Married,2909,3,No,5,4,3,1
29,Yes,Travel_Frequently,Sales,13,Technical Degree,1,1487,1,Female,Sales Executive,2,Single,5765,5,No,7,1,5,0
34,Yes,Travel_Rarely,Sales,24,Medical,1,1489,1,Female,Sales Executive,2,Single,4599,0,Yes,16,4,15,10
35,No,Travel_Rarely,Sales,7,Life Sciences,1,1492,4,Male,Sales Representative,3,Married,2404,1,No,1,3,1,0
24,Yes,Travel_Frequently,Research & Development,9,Medical,1,1494,2,Male,Laboratory Technician,1,Single,3172,2,Yes,4,2,0,0
24,No,Non-Travel,Sales,13,Life Sciences,1,1495,4,Female,Sales Representative,2,Married,2033,1,No,1,3,1,0
44,No,Travel_Frequently,Research & Development,2,Medical,1,1496,2,Male,Manufacturing Director,3,Single,10209,5,Yes,16,2,2,2
29,No,Travel_Rarely,Sales,19,Life Sciences,1,1497,3,Male,Sales Executive,3,Divorced,8620,1,No,10,3,10,0
30,No,Travel_Rarely,Human Resources,1,Life Sciences,1,1499,3,Male,Human Resources,3,Divorced,2064,0,No,6,4,5,1
55,No,Travel_Rarely,Research & Development,4,Life Sciences,1,1501,4,Male,Healthcare Representative,3,Married,4035,0,Yes,4,3,3,1
33,No,Travel_Rarely,Research & Development,4,Medical,1,1502,1,Female,Laboratory Technician,2,Married,3838,8,No,8,3,5,0
47,No,Travel_Rarely,Sales,14,Medical,1,1503,3,Female,Sales Executive,3,Married,4591,3,Yes,11,2,5,1
28,Yes,Travel_Frequently,Research & Development,2,Medical,1,1504,3,Male,Laboratory Technician,1,Single,2561,7,No,8,2,0,0
28,No,Travel_Rarely,Research & Development,1,Life Sciences,1,1506,1,Male,Research Scientist,3,Divorced,1563,1,No,1,1,1,0
28,No,Travel_Frequently,Sales,7,Life Sciences,1,1507,3,Male,Sales Executive,1,Single,4898,0,No,5,3,4,1
49,No,Travel_Rarely,Research & Development,3,Medical,1,1509,3,Female,Laboratory Technician,1,Married,4789,4,No,10,3,3,1
29,No,Travel_Frequently,Research & Development,2,Life Sciences,1,1513,4,Female,Laboratory Technician,2,Married,3180,0,No,4,3,3,0
28,No,Travel_Rarely,Research & Development,29,Life Sciences,1,1514,3,Male,Manufacturing Director,2,Married,6549,1,No,8,2,8,1
33,No,Travel_Rarely,Research & Development,8,Life Sciences,1,1515,4,Male,Healthcare Representative,3,Single,6388,2,Yes,14,3,0,0
32,No,Travel_Rarely,Research & Development,10,Medical,1,1516,3,Male,Manager,4,Single,11244,2,No,10,4,5,0
54,No,Travel_Frequently,Research & Development,11,Medical,1,1520,2,Female,Manager,4,Divorced,16032,3,No,26,3,14,1
29,Yes,Travel_Rarely,Research & Development,1,Technical Degree,1,1522,1,Male,Research Scientist,1,Single,2362,6,No,11,1,9,0
44,No,Travel_Rarely,Research & Development,28,Life Sciences,1,1523,4,Male,Research Director,1,Married,16328,3,No,24,4,20,14
39,No,Travel_Rarely,Research & Development,6,Life Sciences,1,1525,2,Female,Manufacturing Director,2,Single,8376,4,No,9,3,2,2
46,No,Travel_Rarely,Sales,3,Life Sciences,1,1527,3,Female,Manager,2,Married,16606,8,No,23,4,13,5
35,No,Travel_Rarely,Research & Development,16,Life Sciences,1,1529,4,Female,Healthcare Representative,2,Single,8606,1,No,11,1,11,3
23,No,Travel_Rarely,Research & Development,20,Life Sciences,1,1533,1,Male,Laboratory Technician,3,Single,2272,0,No,5,3,4,1
40,Yes,Travel_Rarely,Research & Development,9,Life Sciences,1,1534,4,Male,Laboratory Technician,1,Single,2018,3,No,15,1,5,1
34,No,Travel_Rarely,Sales,1,Technical Degree,1,1535,4,Male,Sales Executive,3,Married,7083,1,Yes,10,3,10,8
31,Yes,Travel_Frequently,Research & Development,3,Life Sciences,1,1537,4,Female,Research Scientist,3,Single,4084,1,No,7,1,7,7
50,No,Travel_Frequently,Research & Development,22,Medical,1,1539,3,Male,Research Director,4,Single,14411,1,Yes,32,3,32,13
34,No,Travel_Rarely,Sales,7,Technical Degree,1,1541,2,Male,Sales Representative,3,Married,2308,0,Yes,12,3,11,5
42,No,Travel_Rarely,Research & Development,2,Medical,1,1542,3,Male,Laboratory Technician,2,Married,4841,4,No,4,3,1,0
37,No,Travel_Rarely,Research & Development,13,Medical,1,1543,1,Male,Research Scientist,4,Married,4285,1,No,10,3,10,3
29,No,Travel_Rarely,Research & Development,8,Other,1,1544,3,Female,Healthcare Representative,1,Married,9715,3,No,9,3,7,0
33,No,Travel_Rarely,Research & Development,25,Life Sciences,1,1545,4,Male,Manufacturing Director,2,Single,4320,1,No,5,3,5,0
45,No,Travel_Rarely,Research & Development,28,Technical Degree,1,1546,4,Male,Research Scientist,4,Married,2132,4,No,8,3,5,0
42,No,Travel_Frequently,Research & Development,2,Life Sciences,1,1547,4,Male,Healthcare Representative,4,Married,10124,2,Yes,24,1,20,13
40,No,Travel_Rarely,Sales,9,Medical,1,1548,1,Male,Sales Executive,1,Married,5473,0,No,9,4,8,7
33,No,Travel_Rarely,Research & Development,28,Life Sciences,1,1549,2,Male,Laboratory Technician,3,Married,5207,1,Yes,15,3,15,5
40,No,Travel_Rarely,Human Resources,6,Medical,1,1550,3,Male,Manager,4,Single,16437,1,Yes,21,3,21,7
24,No,Travel_Rarely,Research & Development,21,Technical Degree,1,1551,3,Male,Laboratory Technician,1,Divorced,2296,0,No,2,3,1,0
40,No,Non-Travel,Research & Development,8,Life Sciences,1,1552,4,Male,Healthcare Representative,4,Divorced,4069,3,Yes,8,3,2,2
45,No,Travel_Rarely,Research & Development,1,Technical Degree,1,1553,1,Male,Healthcare Representative,2,Divorced,7441,1,No,10,3,10,7
35,No,Travel_Rarely,Sales,28,Life Sciences,1,1554,2,Female,Sales Representative,3,Married,2430,0,No,6,3,5,4
32,No,Travel_Rarely,Research & Development,5,Life Sciences,1,1555,4,Female,Research Scientist,2,Married,5878,3,No,12,3,7,2
36,No,Travel_Rarely,Sales,2,Life Sciences,1,1556,3,Male,Sales Representative,4,Single,2644,3,Yes,7,2,3,1
48,No,Travel_Rarely,Sales,16,Life Sciences,1,1557,3,Female,Sales Executive,3,Divorced,6439,8,No,18,3,8,7
29,No,Travel_Rarely,Research & Development,9,Life Sciences,1,1558,3,Male,Research Scientist,3,Married,2451,6,No,5,2,1,0
33,No,Travel_Rarely,Sales,8,Life Sciences,1,1560,1,Male,Sales Executive,1,Married,6392,2,No,8,1,2,2
30,Yes,Travel_Rarely,Sales,1,Life Sciences,1,1562,2,Male,Sales Executive,1,Married,9714,1,No,10,3,10,6
38,No,Travel_Frequently,Human Resources,10,Human Resources,1,1563,3,Male,Human Resources,3,Married,6077,3,No,10,3,6,1
35,No,Travel_Rarely,Research & Development,1,Medical,1,1564,4,Male,Laboratory Technician,1,Single,2450,1,No,3,3,3,1
30,No,Travel_Rarely,Sales,29,Technical Degree,1,1568,3,Male,Sales Executive,2,Married,9250,3,No,9,3,4,1
35,Yes,Travel_Rarely,Research & Development,2,Life Sciences,1,1569,1,Female,Laboratory Technician,1,Divorced,2074,1,Yes,1,3,1,0
53,Yes,Travel_Rarely,Research & Development,2,Technical Degree,1,1572,3,Female,Manufacturing Director,4,Married,10169,0,No,34,3,33,1
38,Yes,Travel_Rarely,Research & Development,2,Medical,1,1573,3,Male,Manufacturing Director,2,Married,4855,4,No,7,3,5,1
32,No,Non-Travel,Research & Development,1,Technical Degree,1,1574,4,Male,Research Scientist,1,Married,4087,4,No,9,2,6,1
48,No,Travel_Rarely,Research & Development,15,Other,1,1576,3,Female,Research Scientist,1,Married,2367,8,No,10,2,8,7
34,No,Travel_Rarely,Research & Development,7,Medical,1,1577,1,Male,Research Scientist,4,Single,2972,1,No,1,1,1,0
55,No,Travel_Rarely,Sales,26,Marketing,1,1578,3,Male,Manager,4,Married,19586,1,No,36,3,36,2
34,No,Travel_Rarely,Research & Development,1,Life Sciences,1,1580,2,Male,Research Scientist,4,Married,5484,9,No,9,2,2,2
26,No,Travel_Rarely,Research & Development,3,Life Sciences,1,1581,1,Female,Research Scientist,4,Married,2061,1,No,1,3,1,0
38,No,Travel_Rarely,Sales,14,Life Sciences,1,1582,3,Male,Sales Executive,2,Married,9924,0,No,10,3,9,7
38,No,Travel_Rarely,Sales,16,Life Sciences,1,1583,2,Female,Sales Executive,2,Single,4198,2,No,8,4,3,1
36,No,Travel_Rarely,Sales,1,Life Sciences,1,1585,2,Female,Sales Executive,3,Single,6815,6,No,15,3,1,0
29,No,Travel_Rarely,Research & Development,3,Medical,1,1586,2,Male,Laboratory Technician,1,Single,4723,1,Yes,10,3,10,1
35,No,Travel_Rarely,Research & Development,10,Medical,1,1587,1,Female,Healthcare Representative,3,Single,6142,3,Yes,10,3,5,0
39,No,Travel_Rarely,Sales,6,Medical,1,1588,4,Male,Sales Executive,3,Married,8237,2,No,11,3,7,7
29,No,Travel_Frequently,Research & Development,2,Life Sciences,1,1590,1,Male,Healthcare Representative,4,Divorced,8853,1,No,6,4,6,1
50,No,Travel_Rarely,Sales,9,Marketing,1,1591,3,Male,Manager,3,Married,19331,4,Yes,27,3,1,0
23,No,Travel_Rarely,Research & Development,10,Technical Degree,1,1592,4,Male,Research Scientist,3,Married,2073,2,No,4,3,2,2
36,No,Travel_Frequently,Research & Development,6,Life Sciences,1,1594,1,Male,Laboratory Technician,1,Married,5562,3,Yes,9,3,3,0
42,No,Travel_Rarely,Research & Development,9,Other,1,1595,4,Male,Manager,4,Single,19613,8,No,24,3,1,0
35,No,Travel_Rarely,Research & Development,28,Life Sciences,1,1596,2,Male,Laboratory Technician,3,Married,3407,1,No,10,2,10,6
34,No,Travel_Frequently,Research & Development,10,Technical Degree,1,1597,4,Male,Healthcare Representative,3,Married,5063,1,No,8,2,8,7
40,No,Travel_Rarely,Sales,14,Life Sciences,1,1598,4,Female,Sales Executive,1,Married,4639,1,No,5,3,5,1
43,No,Travel_Rarely,Research & Development,27,Technical Degree,1,1599,4,Male,Laboratory Technician,2,Divorced,4876,5,No,8,3,6,0
35,No,Travel_Rarely,Research & Development,7,Life Sciences,1,1601,3,Male,Laboratory Technician,4,Married,2690,1,No,1,2,1,0
46,No,Travel_Rarely,Sales,1,Life Sciences,1,1602,4,Male,Manager,1,Single,17567,1,No,27,1,26,0
28,Yes,Travel_Rarely,Research & Development,24,Medical,1,1604,3,Male,Laboratory Technician,2,Married,2408,1,Yes,1,3,1,0
22,No,Non-Travel,Research & Development,26,Other,1,1605,2,Female,Research Scientist,3,Married,2814,1,Yes,4,2,4,1
50,No,Travel_Frequently,Research & Development,20,Medical,1,1606,2,Male,Healthcare Representative,3,Married,11245,2,Yes,32,3,30,12
32,No,Travel_Rarely,Research & Development,5,Other,1,1607,2,Female,Research Scientist,4,Married,3312,3,No,6,3,3,0
44,No,Travel_Rarely,Research & Development,7,Medical,1,1608,2,Female,Research Director,4,Divorced,19049,0,Yes,23,2,22,1
30,No,Travel_Rarely,Research & Development,7,Medical,1,1609,2,Male,Research Scientist,2,Married,2141,1,No,6,2,6,1
45,No,Travel_Rarely,Research & Development,5,Medical,1,1611,3,Female,Laboratory Technician,1,Single,5769,1,Yes,10,3,10,1
45,No,Non-Travel,Sales,26,Marketing,1,1612,1,Male,Sales Executive,1,Married,4385,1,No,10,3,10,4
31,No,Travel_Frequently,Sales,2,Other,1,1613,4,Male,Sales Executive,1,Single,5332,7,No,10,3,5,0
36,No,Travel_Rarely,Research & Development,12,Life Sciences,1,1614,3,Female,Manufacturing Director,3,Married,4663,9,Yes,7,3,3,1
34,No,Travel_Frequently,Research & Development,10,Life Sciences,1,1615,3,Male,Manufacturing Director,4,Divorced,4724,1,No,9,3,9,7
49,No,Travel_Rarely,Research & Development,25,Life Sciences,1,1617,3,Female,Laboratory Technician,1,Married,3211,1,No,10,2,9,1
39,No,Travel_Rarely,Research & Development,10,Medical,1,1618,2,Male,Manufacturing Director,1,Married,5377,2,No,10,3,7,7
27,No,Travel_Rarely,Research & Development,19,Other,1,1619,4,Male,Laboratory Technician,1,Divorced,4066,1,No,7,3,7,0
35,No,Travel_Rarely,Research & Development,18,Life Sciences,1,1621,2,Male,Research Scientist,1,Married,5208,1,No,16,3,16,1
28,No,Travel_Rarely,Research & Development,27,Medical,1,1622,2,Female,Manufacturing Director,1,Divorced,4877,0,No,6,2,5,0
21,No,Travel_Rarely,Research & Development,5,Medical,1,1623,3,Male,Research Scientist,4,Single,3117,1,No,3,3,2,2
18,Yes,Travel_Frequently,Sales,3,Medical,1,1624,2,Female,Sales Representative,4,Single,1569,1,Yes,0,4,0,0
47,No,Travel_Rarely,Human Resources,26,Life Sciences,1,1625,4,Female,Manager,3,Married,19658,3,No,27,3,5,1
39,No,Travel_Rarely,Research & Development,3,Medical,1,1627,3,Male,Laboratory Technician,3,Divorced,3069,0,No,11,3,10,0
40,No,Travel_Rarely,Research & Development,15,Life Sciences,1,1628,1,Female,Manufacturing Director,3,Married,10435,1,No,18,3,18,14
35,No,Non-Travel,Research & Development,8,Life Sciences,1,1630,3,Female,Healthcare Representative,3,Married,4148,1,No,15,3,14,2
37,No,Travel_Rarely,Research & Development,19,Life Sciences,1,1631,3,Male,Manufacturing Director,3,Married,5768,3,No,9,2,4,0
39,No,Travel_Frequently,Research & Development,4,Medical,1,1633,1,Female,Manufacturing Director,3,Single,5042,0,No,10,1,9,3
45,No,Travel_Rarely,Research & Development,2,Other,1,1635,4,Female,Manufacturing Director,4,Divorced,5770,1,No,10,3,10,3
38,No,Travel_Rarely,Research & Development,2,Medical,1,1638,4,Female,Manufacturing Director,3,Married,7756,3,Yes,10,4,5,0
35,Yes,Travel_Rarely,Sales,10,Medical,1,1639,4,Male,Sales Executive,1,Married,10306,9,No,15,3,13,6
37,No,Travel_Rarely,Research & Development,10,Medical,1,1640,2,Female,Research Scientist,2,Married,3936,1,No,8,1,8,7
40,No,Travel_Rarely,Research & Development,16,Life Sciences,1,1641,3,Female,Manufacturing Director,4,Single,7945,6,Yes,18,2,4,3
44,No,Travel_Frequently,Human Resources,1,Human Resources,1,1642,1,Male,Human Resources,4,Married,5743,4,Yes,14,3,10,0
48,No,Travel_Frequently,Research & Development,4,Medical,1,1644,3,Male,Manager,4,Married,15202,2,No,23,3,2,2
35,Yes,Travel_Rarely,Sales,15,Medical,1,1645,1,Male,Sales Executive,4,Divorced,5440,6,Yes,7,2,2,2
24,No,Travel_Frequently,Research & Development,2,Technical Degree,1,1646,1,Female,Research Scientist,4,Single,3760,1,Yes,6,3,6,1
27,No,Travel_Rarely,Research & Development,8,Medical,1,1647,2,Female,Research Scientist,3,Married,3517,7,No,5,3,3,0
27,No,Travel_Frequently,Research & Development,2,Medical,1,1648,4,Male,Research Scientist,4,Single,2580,2,No,6,2,4,1
40,Yes,Travel_Rarely,Research & Development,7,Life Sciences,1,1649,1,Male,Laboratory Technician,1,Single,2166,3,Yes,10,1,4,0
29,No,Travel_Rarely,Sales,10,Medical,1,1650,3,Male,Sales Executive,3,Single,5869,9,No,8,3,5,1
36,No,Travel_Rarely,Research & Development,5,Life Sciences,1,1651,2,Female,Healthcare Representative,1,Married,8008,4,No,9,3,3,0
25,No,Travel_Frequently,Research & Development,2,Life Sciences,1,1653,4,Male,Manufacturing Director,3,Divorced,5206,1,No,7,3,7,0
39,No,Travel_Rarely,Research & Development,12,Medical,1,1654,4,Male,Manufacturing Director,2,Married,5295,4,No,7,3,5,1
49,No,Travel_Rarely,Research & Development,22,Other,1,1655,1,Female,Research Director,2,Married,16413,3,No,27,3,4,1
50,No,Travel_Rarely,Research & Development,17,Life Sciences,1,1656,4,Female,Research Director,1,Divorced,13269,5,No,19,3,14,1
20,No,Travel_Rarely,Sales,2,Medical,1,1657,3,Female,Sales Representative,3,Single,2783,1,No,2,3,2,2
34,No,Travel_Rarely,Research & Development,3,Life Sciences,1,1658,4,Female,Research Scientist,2,Divorced,5433,1,No,11,3,11,7
36,No,Travel_Rarely,Research & Development,7,Life Sciences,1,1659,1,Male,Laboratory Technician,2,Single,2013,2,No,15,3,4,1
49,No,Travel_Rarely,Research & Development,6,Life Sciences,1,1661,3,Female,Healthcare Representative,3,Married,13966,2,Yes,30,3,15,2
36,No,Non-Travel,Research & Development,1,Medical,1,1662,4,Female,Manufacturing Director,3,Married,4374,0,No,4,3,3,1
36,No,Travel_Rarely,Research & Development,3,Life Sciences,1,1664,4,Male,Healthcare Representative,1,Divorced,6842,6,No,13,3,5,0
54,No,Travel_Rarely,Research & Development,22,Medical,1,1665,2,Female,Manager,3,Married,17426,3,No,36,3,10,4
43,No,Travel_Rarely,Research & Development,15,Life Sciences,1,1666,3,Male,Research Director,3,Married,17603,1,No,14,3,14,6
35,Yes,Travel_Frequently,Sales,12,Other,1,1667,4,Male,Sales Executive,4,Single,4581,3,Yes,13,4,11,6
38,No,Travel_Frequently,Research & Development,1,Life Sciences,1,1668,4,Male,Research Scientist,4,Married,4735,7,No,19,4,13,2
29,No,Travel_Rarely,Sales,5,Medical,1,1669,1,Male,Sales Executive,2,Divorced,4187,1,Yes,10,2,10,0
33,No,Travel_Rarely,Sales,2,Medical,1,1670,4,Male,Sales Executive,4,Divorced,5505,1,No,6,3,6,0
32,No,Travel_Rarely,Research & Development,2,Medical,1,1671,4,Male,Research Scientist,2,Divorced,5470,0,No,10,2,9,1
31,No,Travel_Rarely,Sales,5,Life Sciences,1,1673,1,Female,Sales Executive,4,Married,5476,1,No,10,3,10,0
49,No,Travel_Rarely,Research & Development,16,Medical,1,1674,4,Female,Laboratory Technician,1,Divorced,2587,4,Yes,17,2,2,2
38,No,Travel_Frequently,Research & Development,2,Medical,1,1675,4,Female,Laboratory Technician,2,Single,2440,1,No,4,3,4,3
47,No,Travel_Rarely,Sales,2,Life Sciences,1,1676,2,Female,Manager,2,Divorced,15972,6,No,29,3,3,1
49,No,Travel_Rarely,Research & Development,1,Life Sciences,1,1677,3,Male,Manager,3,Single,15379,4,No,23,3,8,0
41,No,Travel_Rarely,Sales,23,Life Sciences,1,1678,4,Male,Sales Executive,3,Single,7082,3,Yes,21,3,2,0
20,No,Travel_Rarely,Sales,9,Life Sciences,1,1680,4,Male,Sales Representative,1,Single,2728,1,No,2,3,2,0
33,No,Non-Travel,Sales,16,Life Sciences,1,1681,3,Female,Sales Executive,4,Divorced,5368,1,Yes,7,3,6,1
36,No,Travel_Rarely,Research & Development,26,Life Sciences,1,1682,1,Male,Healthcare Representative,3,Married,5347,6,No,10,2,3,0
44,No,Travel_Rarely,Human Resources,1,Life Sciences,1,1683,3,Female,Human Resources,4,Divorced,3195,4,Yes,8,3,2,2
23,Yes,Travel_Rarely,Research & Development,8,Medical,1,1684,4,Male,Laboratory Technician,3,Single,3989,1,Yes,5,3,5,1
38,No,Travel_Rarely,Research & Development,4,Medical,1,1687,4,Female,Laboratory Technician,3,Married,3306,7,No,7,2,0,0
53,No,Travel_Rarely,Research & Development,24,Medical,1,1689,2,Male,Healthcare Representative,4,Married,7005,3,No,11,3,4,1
48,Yes,Travel_Frequently,Sales,7,Medical,1,1691,4,Female,Sales Representative,3,Married,2655,2,Yes,19,3,9,7
32,Yes,Travel_Rarely,Research & Development,2,Life Sciences,1,1692,4,Male,Laboratory Technician,2,Single,1393,1,No,1,3,1,0
26,No,Non-Travel,Research & Development,7,Medical,1,1693,4,Male,Laboratory Technician,4,Single,2570,1,No,7,3,7,5
55,No,Travel_Rarely,Research & Development,22,Technical Degree,1,1694,1,Male,Research Scientist,2,Divorced,3537,5,No,8,3,4,1
34,No,Travel_Rarely,Research & Development,5,Medical,1,1696,2,Male,Laboratory Technician,4,Married,3986,1,No,15,4,15,4
60,No,Travel_Rarely,Research & Development,1,Medical,1,1697,3,Male,Healthcare Representative,4,Divorced,10883,3,No,19,4,1,0
33,No,Travel_Rarely,Research & Development,21,Medical,1,1698,2,Male,Laboratory Technician,2,Married,2028,1,No,14,3,14,2
37,No,Travel_Frequently,Sales,1,Medical,1,1700,3,Male,Sales Executive,4,Divorced,9525,1,No,6,2,6,1
34,No,Travel_Rarely,Research & Development,19,Life Sciences,1,1701,2,Female,Research Scientist,4,Married,2929,1,No,10,3,10,8
23,Yes,Travel_Rarely,Sales,7,Life Sciences,1,1702,3,Male,Sales Representative,4,Divorced,2275,1,Yes,3,3,3,0
44,No,Travel_Rarely,Research & Development,2,Life Sciences,1,1703,3,Female,Healthcare Representative,4,Married,7879,1,Yes,9,3,8,6
35,No,Travel_Frequently,Research & Development,2,Medical,1,1704,1,Male,Research Scientist,4,Single,4930,0,Yes,6,4,5,1
43,No,Travel_Rarely,Sales,2,Medical,1,1706,4,Male,Sales Executive,4,Married,7847,1,Yes,10,3,10,8
24,No,Travel_Rarely,Research & Development,9,Medical,1,1707,3,Male,Research Scientist,3,Married,4401,1,No,5,3,5,0
41,No,Travel_Rarely,Sales,6,Marketing,1,1708,4,Male,Sales Executive,3,Single,9241,1,No,10,3,10,8
29,No,Travel_Rarely,Research & Development,9,Medical,1,1709,4,Female,Laboratory Technician,3,Married,2974,9,No,9,3,5,1
36,No,Travel_Rarely,Sales,2,Life Sciences,1,1710,3,Female,Sales Representative,4,Single,4502,3,No,17,2,13,6
45,No,Non-Travel,Research & Development,1,Life Sciences,1,1712,3,Male,Healthcare Representative,3,Married,10748,3,No,25,2,23,14
24,Yes,Travel_Rarely,Human Resources,22,Human Resources,1,1714,4,Male,Human Resources,3,Married,1555,1,No,1,3,1,0
47,Yes,Travel_Frequently,Sales,9,Life Sciences,1,1716,3,Male,Sales Executive,3,Married,12936,7,No,25,1,23,14
26,No,Travel_Rarely,Research & Development,17,Medical,1,1718,4,Male,Laboratory Technician,3,Married,2305,1,No,3,4,3,0
45,No,Travel_Rarely,Research & Development,28,Technical Degree,1,1719,4,Female,Research Director,2,Single,16704,1,No,21,3,21,8
32,No,Travel_Frequently,Research & Development,10,Life Sciences,1,1720,1,Male,Research Scientist,3,Married,3433,6,No,10,2,5,1
31,No,Travel_Rarely,Research & Development,2,Life Sciences,1,1721,2,Male,Laboratory Technician,3,Married,3477,1,No,6,4,5,0
41,No,Non-Travel,Human Resources,4,Human Resources,1,1722,3,Male,Human Resources,2,Married,6430,6,No,10,3,3,1
40,No,Travel_Rarely,Research & Development,8,Life Sciences,1,1724,2,Female,Manufacturing Director,1,Married,6516,2,Yes,18,3,1,0
24,No,Travel_Rarely,Research & Development,29,Medical,1,1725,2,Male,Laboratory Technician,1,Divorced,3907,1,No,6,4,6,1
46,No,Travel_Rarely,Research & Development,13,Life Sciences,1,1727,3,Male,Healthcare Representative,2,Single,5562,6,No,19,3,10,0
35,No,Travel_Rarely,Research & Development,27,Life Sciences,1,1728,4,Male,Manufacturing Director,3,Married,6883,2,No,17,3,7,0
30,No,Travel_Rarely,Research & Development,16,Life Sciences,1,1729,2,Male,Research Scientist,4,Married,2862,1,No,10,2,10,0
47,No,Non-Travel,Sales,2,Marketing,1,1731,3,Male,Sales Executive,2,Married,4978,7,No,4,1,1,0
46,No,Travel_Rarely,Sales,2,Life Sciences,1,1732,3,Male,Sales Executive,4,Divorced,10368,4,Yes,13,2,10,0
36,Yes,Travel_Rarely,Sales,13,Marketing,1,1733,2,Male,Sales Executive,1,Divorced,6134,5,Yes,16,3,2,2
32,Yes,Travel_Rarely,Sales,1,Life Sciences,1,1734,1,Male,Sales Executive,2,Single,6735,6,No,10,3,0,0
23,No,Travel_Rarely,Research & Development,4,Medical,1,1735,3,Female,Laboratory Technician,2,Single,3295,1,No,3,1,3,1
31,No,Travel_Frequently,Research & Development,24,Technical Degree,1,1736,4,Female,Manufacturing Director,4,Single,5238,2,No,9,2,5,1
39,No,Non-Travel,Research & Development,1,Life Sciences,1,1737,4,Male,Laboratory Technician,4,Married,6472,1,Yes,9,3,9,5
32,No,Travel_Rarely,Sales,19,Life Sciences,1,1739,4,Male,Sales Executive,3,Married,9610,3,No,10,1,4,0
40,No,Travel_Rarely,Sales,7,Medical,1,1740,2,Male,Manager,2,Single,19833,1,No,21,2,21,12
45,No,Travel_Rarely,Human Resources,4,Life Sciences,1,1744,3,Female,Human Resources,3,Married,9756,4,No,9,4,5,0
30,No,Travel_Frequently,Research & Development,2,Technical Degree,1,1745,4,Female,Research Scientist,1,Single,4968,0,No,10,3,9,0
24,No,Travel_Frequently,Human Resources,10,Medical,1,1746,1,Male,Human Resources,4,Married,2145,0,No,3,3,2,2
30,Yes,Travel_Frequently,Human Resources,8,Human Resources,1,1747,3,Female,Human Resources,4,Divorced,2180,6,No,6,2,4,1
31,No,Travel_Rarely,Sales,5,Technical Degree,1,1749,1,Male,Sales Executive,3,Married,8346,1,No,6,3,5,0
27,No,Travel_Rarely,Research & Development,8,Medical,1,1751,3,Female,Research Scientist,4,Single,3445,1,No,6,2,6,1
29,Yes,Travel_Rarely,Sales,9,Marketing,1,1752,2,Female,Sales Representative,2,Single,2760,1,No,2,3,2,2
29,No,Travel_Frequently,Research & Development,1,Life Sciences,1,1753,4,Male,Healthcare Representative,3,Single,6294,8,Yes,10,4,3,0
30,No,Travel_Rarely,Sales,15,Marketing,1,1754,3,Male,Sales Executive,1,Divorced,7140,2,No,12,3,7,1
34,No,Travel_Rarely,Research & Development,2,Medical,1,1755,4,Male,Research Scientist,4,Married,2932,0,Yes,6,3,5,1
33,No,Non-Travel,Sales,2,Marketing,1,1756,4,Female,Sales Executive,2,Single,5147,8,No,13,2,11,1
49,No,Travel_Rarely,Sales,11,Marketing,1,1757,4,Female,Sales Executive,4,Single,4507,3,No,8,4,5,0
33,Yes,Travel_Rarely,Sales,16,Life Sciences,1,1758,1,Female,Sales Executive,1,Single,8564,2,Yes,11,2,0,0
38,No,Travel_Frequently,Research & Development,2,Medical,1,1760,3,Female,Laboratory Technician,2,Married,2468,4,No,9,2,6,0
31,Yes,Travel_Rarely,Sales,16,Marketing,1,1761,1,Male,Sales Executive,3,Married,8161,2,No,10,3,1,0
29,No,Travel_Rarely,Research & Development,4,Technical Degree,1,1762,4,Female,Research Scientist,1,Divorced,2109,1,No,1,3,1,0
30,No,Travel_Rarely,Research & Development,16,Life Sciences,1,1763,3,Male,Healthcare Representative,3,Married,5294,3,No,10,3,7,1
32,No,Non-Travel,Research & Development,5,Technical Degree,1,1764,2,Male,Research Scientist,2,Single,2718,2,No,12,3,7,0
38,No,Travel_Rarely,Research & Development,18,Medical,1,1766,2,Male,Healthcare Representative,4,Married,5811,3,Yes,15,3,1,1
43,Yes,Travel_Frequently,Research & Development,17,Technical Degree,1,1767,3,Male,Research Scientist,3,Married,2437,9,Yes,6,3,1,0
42,No,Travel_Rarely,Research & Development,12,Medical,1,1768,2,Male,Laboratory Technician,2,Divorced,2766,8,No,7,2,5,0
55,No,Travel_Rarely,Research & Development,2,Medical,1,1770,3,Male,Research Director,1,Married,19038,8,No,34,3,1,0
33,No,Non-Travel,Research & Development,4,Technical Degree,1,1771,4,Male,Research Scientist,2,Divorced,3055,5,No,11,2,9,1
41,No,Travel_Rarely,Research & Development,9,Life Sciences,1,1772,3,Male,Laboratory Technician,1,Divorced,2289,1,No,5,3,5,0
34,No,Non-Travel,Sales,10,Life Sciences,1,1774,4,Male,Sales Executive,3,Divorced,4001,1,Yes,15,3,15,0
53,No,Non-Travel,Research & Development,1,Medical,1,1775,1,Female,Manufacturing Director,3,Married,12965,4,Yes,27,2,3,0
43,No,Travel_Rarely,Human Resources,2,Life Sciences,1,1778,2,Male,Human Resources,4,Single,3539,0,No,10,3,9,1
34,No,Travel_Rarely,Sales,3,Life Sciences,1,1779,4,Female,Sales Executive,4,Single,6029,5,No,6,3,2,2
21,Yes,Travel_Rarely,Sales,7,Marketing,1,1780,2,Male,Sales Representative,2,Single,2679,1,No,1,3,1,1
38,No,Travel_Rarely,Research & Development,6,Other,1,1782,4,Female,Laboratory Technician,3,Married,3702,1,No,5,3,5,0
22,Yes,Travel_Rarely,Research & Development,8,Medical,1,1783,3,Female,Laboratory Technician,1,Married,2398,1,Yes,1,3,1,0
31,No,Travel_Rarely,Sales,29,Marketing,1,1784,1,Female,Sales Executive,4,Married,5468,1,No,13,3,12,5
51,No,Travel_Rarely,Research & Development,3,Technical Degree,1,1786,1,Female,Manager,3,Married,13116,2,No,15,3,2,2
37,No,Travel_Rarely,Sales,9,Marketing,1,1787,2,Male,Sales Executive,2,Married,4189,1,No,5,3,5,0
46,No,Travel_Rarely,Research & Development,2,Medical,1,1789,3,Male,Research Director,4,Divorced,19328,7,Yes,24,3,2,2
36,No,Travel_Rarely,Research & Development,10,Life Sciences,1,1790,4,Male,Healthcare Representative,1,Married,8321,7,Yes,15,3,12,5
44,Yes,Travel_Frequently,Research & Development,1,Medical,1,1792,3,Male,Research Scientist,2,Divorced,2342,1,Yes,6,2,5,2
37,No,Travel_Rarely,Human Resources,8,Other,1,1794,3,Male,Human Resources,2,Divorced,4071,2,No,19,2,10,4
35,Yes,Travel_Rarely,Sales,27,Life Sciences,1,1797,3,Male,Sales Executive,4,Single,5813,1,Yes,10,3,10,7
33,No,Travel_Rarely,Research & Development,8,Life Sciences,1,1798,4,Male,Research Scientist,1,Married,3143,6,No,14,3,10,7
28,No,Travel_Rarely,Research & Development,1,Life Sciences,1,1799,3,Male,Research Scientist,4,Married,2044,1,No,5,4,5,0
39,No,Travel_Rarely,Research & Development,10,Medical,1,1800,3,Male,Research Director,3,Single,13464,7,No,9,3,4,2
46,No,Non-Travel,Sales,26,Life Sciences,1,1801,2,Male,Sales Executive,2,Single,7991,8,No,6,3,2,2
40,No,Travel_Rarely,Research & Development,2,Life Sciences,1,1802,3,Female,Laboratory Technician,1,Married,3377,4,No,7,2,4,0
42,No,Travel_Rarely,Research & Development,13,Medical,1,1803,2,Male,Healthcare Representative,1,Married,5538,5,No,10,2,0,0
35,No,Non-Travel,Research & Development,2,Medical,1,1804,2,Male,Manufacturing Director,4,Divorced,5762,2,No,15,3,7,1
38,No,Non-Travel,Human Resources,2,Human Resources,1,1805,1,Male,Human Resources,2,Divorced,2592,5,No,13,3,11,3
34,Yes,Travel_Frequently,Research & Development,9,Life Sciences,1,1807,4,Male,Laboratory Technician,1,Married,5346,4,No,11,2,7,0
37,Yes,Travel_Rarely,Research & Development,10,Medical,1,1809,4,Male,Manufacturing Director,1,Single,4213,1,No,10,1,10,0
39,No,Travel_Frequently,Sales,20,Life Sciences,1,1812,3,Male,Sales Executive,4,Divorced,4127,2,No,7,3,2,2
43,No,Non-Travel,Research & Development,9,Life Sciences,1,1813,1,Male,Research Scientist,3,Single,2438,4,No,7,2,3,1
41,No,Travel_Rarely,Research & Development,5,Life Sciences,1,1814,2,Male,Healthcare Representative,2,Single,6870,3,No,11,1,3,1
41,No,Travel_Rarely,Sales,4,Marketing,1,1815,3,Female,Sales Executive,3,Divorced,10447,0,Yes,23,4,22,13
30,No,Travel_Rarely,Research & Development,10,Medical,1,1816,1,Female,Manufacturing Director,3,Single,9667,9,No,9,3,7,0
26,Yes,Travel_Rarely,Human Resources,20,Medical,1,1818,4,Female,Human Resources,2,Married,2148,0,Yes,6,3,5,1
46,Yes,Travel_Rarely,Research & Development,21,Medical,1,1821,4,Female,Healthcare Representative,2,Married,8926,4,No,13,4,9,3
40,No,Travel_Rarely,Research & Development,1,Life Sciences,1,1822,3,Female,Healthcare Representative,4,Divorced,6513,4,No,12,3,5,0
34,No,Travel_Rarely,Sales,8,Technical Degree,1,1823,2,Male,Sales Executive,3,Married,6799,1,No,10,3,10,4
58,No,Non-Travel,Sales,2,Medical,1,1824,2,Male,Manager,2,Divorced,16291,4,No,37,2,16,14
35,No,Travel_Rarely,Research & Development,23,Medical,1,1826,2,Male,Laboratory Technician,3,Married,2705,0,No,6,4,5,0
47,No,Travel_Rarely,Research & Development,4,Life Sciences,1,1827,3,Female,Manufacturing Director,2,Divorced,10333,8,Yes,28,3,22,14
40,No,Travel_Rarely,Research & Development,12,Life Sciences,1,1829,2,Female,Healthcare Representative,1,Divorced,4448,2,No,15,3,7,7
54,No,Travel_Rarely,Research & Development,7,Medical,1,1830,4,Female,Research Scientist,4,Married,6854,4,No,14,2,7,1
31,No,Travel_Frequently,Sales,7,Marketing,1,1833,1,Female,Sales Executive,1,Married,9637,2,No,9,3,3,2
28,No,Travel_Rarely,Research & Development,1,Medical,1,1834,3,Female,Research Scientist,1,Married,3591,1,No,3,3,3,1
38,No,Travel_Rarely,Sales,2,Marketing,1,1835,2,Female,Sales Representative,4,Married,5405,2,Yes,20,2,4,0
26,No,Travel_Rarely,Sales,10,Medical,1,1836,3,Male,Sales Executive,4,Single,4684,1,No,5,3,5,1
58,No,Travel_Frequently,Research & Development,15,Life Sciences,1,1837,1,Male,Research Director,3,Married,15787,2,Yes,23,3,2,2
18,No,Non-Travel,Research & Development,14,Medical,1,1839,2,Female,Research Scientist,3,Single,1514,1,No,0,1,0,0
31,Yes,Travel_Rarely,Human Resources,18,Human Resources,1,1842,4,Male,Human Resources,1,Married,2956,0,No,2,3,1,0
29,Yes,Travel_Rarely,Human Resources,13,Human Resources,1,1844,1,Male,Human Resources,1,Divorced,2335,4,Yes,4,3,2,2
45,No,Non-Travel,Sales,2,Life Sciences,1,1845,3,Female,Sales Executive,3,Married,5154,4,No,10,4,8,5
36,No,Travel_Rarely,Research & Development,2,Other,1,1847,4,Female,Research Scientist,2,Married,6962,4,Yes,15,3,1,0
43,No,Travel_Frequently,Sales,2,Life Sciences,1,1849,1,Male,Sales Executive,4,Married,5675,1,No,7,3,7,7
27,No,Travel_Frequently,Research & Development,5,Life Sciences,1,1850,4,Female,Laboratory Technician,4,Single,2379,0,Yes,6,2,5,0
29,No,Travel_Frequently,Research & Development,20,Medical,1,1852,4,Male,Laboratory Technician,4,Married,3812,1,No,11,4,11,3
32,No,Travel_Frequently,Sales,10,Marketing,1,1853,4,Male,Sales Executive,4,Single,4648,8,No,4,4,0,0
42,No,Non-Travel,Research & Development,10,Technical Degree,1,1854,3,Male,Research Scientist,3,Married,2936,3,No,10,2,6,3
47,No,Travel_Rarely,Research & Development,9,Life Sciences,1,1856,2,Female,Laboratory Technician,3,Single,2105,4,No,7,3,2,2
46,No,Travel_Rarely,Research & Development,2,Life Sciences,1,1857,4,Male,Manufacturing Director,4,Divorced,8578,3,No,12,2,9,4
28,No,Non-Travel,Human Resources,1,Life Sciences,1,1858,3,Male,Human Resources,4,Divorced,2706,1,No,3,3,3,2
29,No,Travel_Rarely,Research & Development,29,Life Sciences,1,1859,4,Male,Healthcare Representative,3,Divorced,6384,8,No,11,3,7,1
42,No,Travel_Rarely,Research & Development,8,Life Sciences,1,1860,4,Male,Laboratory Technician,3,Single,3968,4,No,8,3,0,0
32,Yes,Travel_Rarely,Sales,2,Marketing,1,1862,3,Male,Sales Executive,2,Single,9907,7,Yes,7,2,2,2
46,No,Travel_Rarely,Sales,3,Technical Degree,1,1863,1,Female,Sales Executive,1,Divorced,13225,2,No,25,3,19,2
27,No,Travel_Rarely,Sales,23,Medical,1,1864,2,Female,Sales Representative,3,Married,3540,1,No,9,3,9,5
29,No,Travel_Rarely,Human Resources,6,Medical,1,1865,4,Male,Human Resources,2,Married,2804,1,No,1,3,1,0
43,No,Travel_Rarely,Research & Development,6,Medical,1,1866,1,Female,Manager,3,Married,19392,7,No,21,3,16,6
48,No,Travel_Rarely,Research & Development,10,Life Sciences,1,1867,4,Male,Research Director,2,Married,19665,4,No,29,3,22,12
29,Yes,Travel_Frequently,Research & Development,24,Life Sciences,1,1868,4,Male,Research Scientist,4,Single,2439,1,Yes,1,2,1,1
46,Yes,Travel_Rarely,Sales,10,Life Sciences,1,1869,3,Female,Sales Executive,2,Married,7314,5,No,14,3,8,0
27,No,Travel_Frequently,Research & Development,15,Life Sciences,1,1870,4,Female,Research Scientist,1,Married,4774,0,No,8,2,7,7
39,No,Travel_Rarely,Research & Development,19,Other,1,1871,4,Male,Research Scientist,4,Divorced,3902,8,No,7,3,2,2
55,No,Travel_Rarely,Research & Development,2,Technical Degree,1,1873,2,Male,Research Scientist,4,Married,2662,8,No,19,4,5,0
28,No,Travel_Rarely,Sales,3,Medical,1,1875,2,Female,Sales Representative,2,Married,2856,1,No,1,3,1,0
30,Yes,Travel_Rarely,Sales,9,Medical,1,1876,2,Male,Sales Representative,4,Single,1081,1,No,1,2,1,0
22,Yes,Travel_Rarely,Research & Development,7,Life Sciences,1,1878,4,Male,Research Scientist,2,Single,2472,1,Yes,1,3,1,0
36,No,Travel_Rarely,Sales,10,Technical Degree,1,1880,2,Female,Sales Executive,3,Married,5673,1,Yes,10,3,10,1
31,No,Travel_Rarely,Research & Development,20,Life Sciences,1,1881,2,Male,Laboratory Technician,3,Divorced,4197,1,No,10,3,10,0
34,No,Travel_Rarely,Sales,4,Life Sciences,1,1882,3,Male,Sales Executive,4,Married,9713,2,Yes,9,3,5,1
29,No,Travel_Rarely,Research & Development,7,Life Sciences,1,1883,4,Male,Laboratory Technician,1,Single,2062,3,No,11,3,3,1
37,No,Travel_Rarely,Research & Development,7,Medical,1,1885,4,Male,Research Scientist,1,Married,4284,5,Yes,16,3,5,0
35,No,Travel_Rarely,Research & Development,16,Other,1,1886,4,Female,Manufacturing Director,2,Married,4788,0,Yes,4,3,3,0
45,No,Travel_Rarely,Research & Development,25,Life Sciences,1,1888,2,Female,Manufacturing Director,4,Married,5906,0,No,10,2,9,3
36,No,Travel_Frequently,Human Resources,2,Human Resources,1,1890,2,Male,Human Resources,4,Single,3886,1,No,10,2,10,0
40,No,Travel_Rarely,Research & Development,1,Life Sciences,1,1892,1,Male,Manager,1,Divorced,16823,2,No,22,3,19,11
26,No,Travel_Rarely,Research & Development,1,Life Sciences,1,1893,2,Female,Research Scientist,3,Married,2933,1,Yes,1,2,1,1
27,No,Travel_Rarely,Sales,2,Medical,1,1898,1,Female,Sales Executive,3,Single,6500,0,No,9,2,8,0
48,No,Travel_Frequently,Research & Development,22,Medical,1,1900,4,Female,Manager,4,Divorced,17174,3,No,24,3,22,4
44,No,Travel_Rarely,Research & Development,1,Life Sciences,1,1903,2,Male,Healthcare Representative,1,Married,5033,2,No,10,3,2,2
34,Yes,Non-Travel,Research & Development,16,Technical Degree,1,1905,4,Male,Research Scientist,1,Married,2307,1,Yes,5,3,5,3
56,Yes,Travel_Rarely,Research & Development,24,Life Sciences,1,1907,1,Male,Laboratory Technician,4,Single,2587,1,No,5,3,4,1
36,No,Travel_Rarely,Sales,17,Marketing,1,1908,3,Male,Sales Executive,2,Married,5507,2,No,12,1,4,1
41,No,Travel_Rarely,Sales,8,Marketing,1,1909,3,Female,Sales Executive,2,Married,4393,5,No,14,3,5,1
42,No,Travel_Rarely,Research & Development,6,Medical,1,1911,3,Male,Research Director,1,Married,13348,9,No,18,4,13,5
31,No,Travel_Rarely,Sales,10,Medical,1,1912,3,Female,Sales Executive,4,Divorced,6583,2,Yes,8,3,5,1
34,No,Travel_Rarely,Sales,3,Medical,1,1915,4,Female,Sales Executive,4,Married,8103,3,Yes,9,2,4,0
31,No,Travel_Rarely,Research & Development,4,Medical,1,1916,1,Female,Laboratory Technician,3,Divorced,3978,8,No,4,2,2,2
26,No,Travel_Frequently,Research & Development,6,Other,1,1918,3,Male,Laboratory Technician,4,Married,2544,0,No,8,3,7,7
45,No,Travel_Frequently,Research & Development,1,Medical,1,1922,2,Male,Healthcare Representative,3,Single,5399,4,No,12,3,4,0
33,No,Travel_Rarely,Sales,10,Marketing,1,1924,2,Male,Sales Executive,3,Single,5487,1,No,10,2,10,0
28,No,Travel_Frequently,Sales,1,Life Sciences,1,1927,3,Male,Sales Executive,4,Married,6834,1,Yes,7,3,7,0
29,Yes,Travel_Frequently,Sales,24,Technical Degree,1,1928,3,Male,Sales Representative,1,Single,1091,1,No,1,3,1,0
39,No,Non-Travel,Sales,21,Life Sciences,1,1929,1,Female,Sales Executive,3,Married,5736,6,No,10,3,3,1
27,No,Travel_Rarely,Research & Development,2,Technical Degree,1,1931,2,Male,Research Scientist,2,Married,2226,1,No,6,2,5,1
34,No,Travel_Frequently,Research & Development,22,Other,1,1932,3,Male,Research Scientist,4,Married,5747,1,Yes,16,3,15,6
28,Yes,Travel_Rarely,Sales,13,Marketing,1,1933,4,Female,Sales Executive,3,Single,9854,3,Yes,6,3,2,2
47,No,Non-Travel,Research & Development,14,Technical Degree,1,1934,3,Male,Research Scientist,2,Married,5467,8,No,16,4,8,1
56,No,Travel_Rarely,Sales,11,Marketing,1,1935,4,Female,Sales Executive,1,Married,5380,4,No,6,3,0,0
39,No,Travel_Rarely,Research & Development,9,Medical,1,1936,1,Male,Manufacturing Director,1,Married,5151,1,No,10,3,10,7
38,No,Travel_Frequently,Research & Development,8,Medical,1,1937,4,Female,Research Scientist,2,Divorced,2133,1,Yes,20,3,20,0
58,No,Travel_Rarely,Sales,21,Life Sciences,1,1938,4,Female,Manager,4,Married,17875,4,Yes,29,2,1,0
32,Yes,Travel_Frequently,Research & Development,5,Life Sciences,1,1939,1,Female,Research Scientist,3,Single,2432,3,Yes,8,3,4,0
38,No,Travel_Rarely,Research & Development,9,Life Sciences,1,1940,2,Male,Research Scientist,4,Divorced,4771,2,No,10,4,5,0
49,No,Travel_Frequently,Research & Development,2,Life Sciences,1,1941,2,Male,Research Director,4,Married,19161,3,No,28,3,5,4
42,No,Travel_Rarely,Sales,12,Marketing,1,1943,2,Male,Sales Executive,4,Divorced,5087,3,Yes,14,3,0,0
27,Yes,Travel_Frequently,Human Resources,22,Human Resources,1,1944,1,Female,Human Resources,2,Married,2863,1,No,1,3,1,0
35,No,Travel_Rarely,Sales,18,Medical,1,1945,2,Male,Sales Executive,1,Married,5561,0,No,6,1,5,0
28,No,Non-Travel,Research & Development,16,Medical,1,1947,3,Male,Research Scientist,3,Single,2144,1,No,5,2,5,1
31,No,Non-Travel,Research & Development,3,Medical,1,1948,3,Male,Research Scientist,1,Divorced,3065,1,Yes,4,4,4,2
36,No,Non-Travel,Research & Development,9,Life Sciences,1,1949,1,Male,Laboratory Technician,2,Married,2810,1,No,5,3,5,0
34,No,Travel_Rarely,Sales,1,Marketing,1,1950,1,Male,Sales Executive,4,Single,9888,1,No,14,2,14,2
34,No,Travel_Rarely,Sales,13,Medical,1,1951,4,Male,Sales Executive,3,Divorced,8628,1,No,9,2,8,1
26,No,Travel_Rarely,Research & Development,1,Medical,1,1952,3,Male,Laboratory Technician,1,Single,2867,0,No,8,2,7,7
29,No,Travel_Rarely,Research & Development,1,Life Sciences,1,1954,1,Male,Healthcare Representative,1,Married,5373,0,No,6,2,5,0
32,No,Non-Travel,Research & Development,15,Medical,1,1955,3,Female,Healthcare Representative,4,Divorced,6667,5,No,9,3,5,1
31,No,Travel_Frequently,Research & Development,1,Life Sciences,1,1956,4,Male,Research Scientist,1,Married,5003,1,No,10,3,10,8
28,Yes,Travel_Rarely,Research & Development,17,Technical Degree,1,1960,3,Male,Laboratory Technician,4,Divorced,2367,5,No,6,2,4,0
38,No,Travel_Rarely,Sales,1,Life Sciences,1,1961,1,Male,Sales Representative,1,Single,2858,4,No,20,2,1,0
35,No,Travel_Rarely,Sales,7,Life Sciences,1,1962,3,Female,Sales Executive,4,Married,5204,1,Yes,10,3,10,0
27,No,Travel_Rarely,Sales,9,Marketing,1,1965,4,Male,Sales Executive,4,Single,4105,1,No,7,3,7,0
32,No,Travel_Rarely,Research & Development,5,Life Sciences,1,1966,4,Male,Manufacturing Director,4,Single,9679,8,No,8,3,1,0
31,Yes,Travel_Frequently,Sales,26,Marketing,1,1967,1,Male,Sales Executive,4,Married,5617,1,Yes,10,3,10,0
53,Yes,Travel_Rarely,Sales,24,Life Sciences,1,1968,1,Male,Sales Executive,1,Single,10448,6,Yes,15,2,2,2
54,No,Travel_Rarely,Research & Development,9,Life Sciences,1,1969,1,Female,Research Scientist,3,Married,2897,3,No,9,2,4,2
33,No,Travel_Frequently,Research & Development,7,Life Sciences,1,1970,4,Male,Healthcare Representative,3,Divorced,5968,1,No,9,3,9,2
43,No,Travel_Rarely,Research & Development,11,Life Sciences,1,1971,1,Male,Healthcare Representative,3,Married,7510,1,No,10,3,10,0
38,No,Travel_Frequently,Human Resources,1,Other,1,1972,4,Male,Human Resources,2,Married,2991,0,Yes,7,3,6,1
55,No,Travel_Rarely,Human Resources,26,Human Resources,1,1973,3,Male,Manager,2,Married,19636,4,Yes,35,3,10,1
31,No,Travel_Rarely,Research & Development,2,Medical,1,1974,4,Female,Laboratory Technician,4,Divorced,1129,1,Yes,1,3,1,0
39,No,Travel_Rarely,Sales,15,Marketing,1,1975,2,Male,Sales Executive,1,Single,13341,0,No,21,3,20,11
42,No,Non-Travel,Research & Development,23,Life Sciences,1,1976,4,Male,Research Scientist,3,Single,4332,1,No,20,3,20,3
31,No,Non-Travel,Research & Development,10,Medical,1,1979,3,Female,Research Director,3,Married,11031,4,No,13,4,11,4
54,No,Travel_Rarely,Research & Development,10,Medical,1,1980,3,Female,Manufacturing Director,1,Single,4440,6,Yes,9,3,5,1
24,No,Travel_Rarely,Research & Development,1,Life Sciences,1,1981,2,Male,Healthcare Representative,3,Single,4617,1,No,4,2,4,1
23,No,Travel_Rarely,Research & Development,12,Other,1,1982,4,Male,Laboratory Technician,4,Single,2647,1,No,5,4,5,1
40,No,Travel_Frequently,Research & Development,11,Technical Degree,1,1985,4,Female,Laboratory Technician,3,Married,6323,1,No,10,4,10,9
40,No,Travel_Rarely,Sales,2,Marketing,1,1986,2,Female,Sales Executive,2,Married,5677,3,No,15,3,11,5
25,No,Travel_Rarely,Human Resources,2,Human Resources,1,1987,3,Female,Human Resources,2,Married,2187,4,No,6,3,2,1
30,No,Travel_Rarely,Research & Development,1,Medical,1,1989,4,Male,Laboratory Technician,2,Married,3748,1,No,12,2,12,1
25,No,Travel_Rarely,Research & Development,2,Other,1,1992,4,Male,Laboratory Technician,3,Divorced,3977,6,Yes,7,2,2,0
47,No,Travel_Rarely,Research & Development,25,Medical,1,1993,1,Male,Healthcare Representative,3,Single,8633,2,No,25,3,17,12
33,No,Non-Travel,Research & Development,1,Medical,1,1994,2,Male,Laboratory Technician,3,Divorced,2008,1,No,1,2,1,0
38,No,Travel_Rarely,Sales,1,Life Sciences,1,1995,4,Male,Sales Executive,2,Married,4440,0,No,16,3,15,5
31,No,Travel_Rarely,Sales,2,Life Sciences,1,1996,1,Male,Sales Representative,3,Married,3067,0,No,3,3,2,1
38,No,Travel_Frequently,Research & Development,6,Life Sciences,1,1997,1,Male,Manufacturing Director,3,Married,5321,2,No,10,3,8,7
42,No,Travel_Rarely,Research & Development,18,Life Sciences,1,1998,4,Male,Research Scientist,1,Divorced,5410,6,Yes,9,2,4,1
41,No,Travel_Rarely,Research & Development,1,Life Sciences,1,1999,4,Male,Research Scientist,4,Married,2782,3,No,12,3,5,1
47,No,Non-Travel,Research & Development,1,Medical,1,2000,3,Female,Research Director,2,Married,11957,0,No,14,1,13,5
35,No,Travel_Rarely,Research & Development,11,Medical,1,2003,4,Male,Laboratory Technician,3,Married,2660,7,Yes,5,3,2,2
22,No,Travel_Rarely,Research & Development,1,Life Sciences,1,2007,4,Male,Research Scientist,3,Single,3375,0,No,4,4,3,1
35,No,Travel_Rarely,Research & Development,9,Medical,1,2008,2,Male,Research Scientist,3,Single,5098,1,No,10,3,10,0
33,No,Travel_Rarely,Research & Development,15,Medical,1,2009,2,Female,Healthcare Representative,4,Married,4878,0,Yes,10,3,9,8
32,No,Travel_Rarely,Research & Development,29,Life Sciences,1,2010,3,Female,Laboratory Technician,2,Single,2837,1,No,6,3,6,4
40,No,Travel_Rarely,Research & Development,1,Life Sciences,1,2012,1,Male,Laboratory Technician,4,Married,2406,8,No,8,2,1,0
32,No,Travel_Rarely,Sales,1,Medical,1,2013,2,Male,Sales Representative,2,Married,2269,0,No,3,3,2,2
39,No,Travel_Rarely,Research & Development,24,Life Sciences,1,2014,1,Male,Research Scientist,4,Single,4108,7,No,18,3,7,1
38,No,Travel_Rarely,Research & Development,10,Medical,1,2015,2,Female,Research Director,3,Married,13206,3,No,20,3,18,1
32,No,Travel_Rarely,Sales,1,Marketing,1,2016,3,Female,Sales Executive,4,Married,10422,1,No,14,3,14,5
37,No,Travel_Rarely,Research & Development,10,Life Sciences,1,2017,3,Female,Research Director,4,Married,13744,1,Yes,16,3,16,6
25,No,Travel_Rarely,Sales,8,Other,1,2018,1,Female,Sales Executive,3,Divorced,4907,0,Yes,6,2,5,0
52,No,Non-Travel,Sales,29,Life Sciences,1,2019,1,Male,Sales Representative,4,Divorced,3482,2,No,16,2,9,0
44,No,Travel_Rarely,Research & Development,1,Medical,1,2020,2,Male,Research Scientist,4,Single,2436,6,Yes,6,3,4,1
21,No,Travel_Rarely,Sales,5,Medical,1,2021,3,Male,Sales Representative,1,Single,2380,1,Yes,2,3,2,1
39,No,Non-Travel,Research & Development,9,Life Sciences,1,2022,4,Male,Manager,4,Single,19431,2,No,21,2,6,1
23,Yes,Travel_Frequently,Sales,9,Marketing,1,2023,4,Male,Sales Representative,1,Married,1790,1,No,1,2,1,1
36,No,Travel_Rarely,Sales,3,Medical,1,2024,1,Female,Sales Executive,4,Married,7644,0,No,10,3,9,3
36,No,Travel_Frequently,Research & Development,4,Life Sciences,1,2025,4,Female,Manufacturing Director,2,Divorced,5131,7,No,18,3,4,0
56,No,Non-Travel,Research & Development,1,Life Sciences,1,2026,3,Male,Healthcare Representative,3,Divorced,6306,1,No,13,2,13,1
29,Yes,Travel_Rarely,Research & Development,1,Medical,1,2027,1,Male,Research Scientist,4,Married,4787,9,Yes,4,4,2,2
42,No,Travel_Rarely,Research & Development,2,Life Sciences,1,2031,1,Male,Manager,3,Married,18880,5,No,24,2,22,4
56,Yes,Travel_Rarely,Research & Development,7,Technical Degree,1,2032,4,Male,Laboratory Technician,3,Married,2339,8,No,14,1,10,9
41,No,Travel_Rarely,Research & Development,28,Life Sciences,1,2034,1,Female,Manufacturing Director,2,Married,13570,0,No,21,3,20,0
34,No,Travel_Rarely,Sales,28,Marketing,1,2035,4,Female,Sales Executive,3,Married,6712,1,No,8,3,8,1
36,No,Non-Travel,Sales,15,Marketing,1,2036,4,Male,Sales Executive,4,Divorced,5406,1,No,15,2,15,11
41,No,Travel_Rarely,Sales,3,Life Sciences,1,2037,3,Male,Sales Executive,2,Divorced,8938,2,No,14,3,5,0
32,No,Travel_Rarely,Research & Development,2,Technical Degree,1,2038,4,Male,Research Scientist,1,Single,2439,1,No,4,3,4,1
35,No,Travel_Rarely,Human Resources,26,Life Sciences,1,2040,3,Female,Human Resources,4,Single,8837,1,Yes,9,3,9,1
38,No,Travel_Rarely,Sales,10,Life Sciences,1,2041,1,Female,Sales Executive,4,Married,5343,1,No,10,3,10,1
50,Yes,Travel_Frequently,Sales,1,Life Sciences,1,2044,2,Male,Sales Executive,3,Divorced,6728,7,No,12,3,6,0
36,No,Travel_Rarely,Sales,11,Marketing,1,2045,2,Female,Sales Executive,4,Married,6652,4,No,8,2,6,0
45,No,Travel_Rarely,Sales,20,Life Sciences,1,2046,4,Female,Sales Executive,3,Single,4850,8,No,8,3,5,0
40,No,Travel_Rarely,Research & Development,2,Life Sciences,1,2048,3,Male,Research Scientist,3,Single,2809,2,No,8,3,2,2
35,No,Travel_Frequently,Research & Development,18,Life Sciences,1,2049,3,Male,Healthcare Representative,3,Married,5689,1,Yes,10,4,10,0
40,No,Travel_Rarely,Research & Development,2,Medical,1,2051,3,Female,Research Scientist,3,Married,2001,2,No,20,3,5,0
35,No,Travel_Rarely,Research & Development,1,Life Sciences,1,2052,3,Female,Research Scientist,4,Married,2977,1,No,4,3,4,1
29,No,Travel_Rarely,Research & Development,13,Other,1,2053,4,Male,Laboratory Technician,2,Married,4025,4,Yes,10,3,4,0
29,No,Travel_Rarely,Research & Development,28,Medical,1,2054,4,Female,Research Scientist,1,Single,3785,1,No,5,1,5,0
50,Yes,Travel_Rarely,Sales,28,Marketing,1,2055,4,Male,Sales Executive,1,Divorced,10854,4,Yes,20,3,3,2
39,No,Travel_Rarely,Sales,24,Marketing,1,2056,2,Female,Sales Executive,4,Married,12031,0,No,21,2,20,9
31,No,Non-Travel,Research & Development,5,Medical,1,2057,2,Male,Manufacturing Director,1,Single,9936,0,No,10,3,9,1
26,No,Travel_Rarely,Sales,5,Other,1,2060,4,Female,Sales Representative,3,Single,2966,0,No,5,3,4,0
36,No,Travel_Frequently,Research & Development,23,Medical,1,2061,3,Male,Laboratory Technician,4,Married,2571,4,No,17,3,5,0
39,No,Travel_Rarely,Research & Development,6,Medical,1,2062,4,Male,Healthcare Representative,1,Married,9991,4,No,9,3,7,1
27,No,Travel_Rarely,Research & Development,4,Life Sciences,1,2064,2,Male,Manufacturing Director,2,Married,6142,1,Yes,6,3,6,0
49,No,Travel_Frequently,Sales,2,Medical,1,2065,4,Male,Sales Executive,2,Married,5390,2,No,17,2,9,0
34,No,Travel_Rarely,Research & Development,8,Medical,1,2068,2,Male,Laboratory Technician,3,Married,4404,2,No,6,4,4,1
